Date,VIX
2011-01-03,17.6100006104
2011-01-04,17.3799991608
2011-01-05,17.0200004578
2011-01-06,17.3999996185
2011-01-07,17.1399993896
2011-01-10,17.5400009155
2011-01-11,16.8899993896
2011-01-12,16.2399997711
2011-01-13,16.3899993896
2011-01-14,15.4600000381
2011-01-18,15.8699998856
2011-01-19,17.3099994659
2011-01-20,17.9899997711
2011-01-21,18.4699993134
2011-01-24,17.6499996185
2011-01-25,17.5900001526
2011-01-26,16.6399993896
2011-01-27,16.1499996185
2011-01-28,20.0400009155
2011-01-31,19.5300006866
2011-02-01,17.6299991608
2011-02-02,17.2999992371
2011-02-03,16.6900005341
2011-02-04,15.9300003052
2011-02-07,16.2800006866
2011-02-08,15.8100004196
2011-02-09,15.8699998856
2011-02-10,16.0900001526
2011-02-11,15.6899995804
2011-02-14,15.9499998093
2011-02-15,16.3700008392
2011-02-16,16.7199993134
2011-02-17,16.5900001526
2011-02-18,16.4300003052
2011-02-22,20.7999992371
2011-02-23,22.1299991608
2011-02-24,21.3199996948
2011-02-25,19.2199993134
2011-02-28,18.3500003815
2011-03-01,21.0100002289
2011-03-02,20.7000007629
2011-03-03,18.6000003815
2011-03-04,19.0599994659
2011-03-07,20.6599998474
2011-03-08,19.8199996948
2011-03-09,20.2199993134
2011-03-10,21.8799991608
2011-03-11,20.0799999237
2011-03-14,21.1299991608
2011-03-15,24.3199996948
2011-03-16,29.3999996185
2011-03-17,26.3700008392
2011-03-18,24.4400005341
2011-03-21,20.6100006104
2011-03-22,20.2099990845
2011-03-23,19.1700000763
2011-03-24,18.0
2011-03-25,17.9099998474
2011-03-28,19.4400005341
2011-03-29,18.1599998474
2011-03-30,17.7099990845
2011-03-31,17.7399997711
2011-04-01,17.3999996185
2011-04-04,17.5
2011-04-05,17.25
2011-04-06,16.8999996185
2011-04-07,17.1100006104
2011-04-08,17.8700008392
2011-04-11,16.5900001526
2011-04-12,17.0900001526
2011-04-13,16.9200000763
2011-04-14,16.2700004578
2011-04-15,15.3199996948
2011-04-18,16.9599990845
2011-04-19,15.8299999237
2011-04-20,15.0699996948
2011-04-21,14.6899995804
2011-04-25,15.7700004578
2011-04-26,15.6199998856
2011-04-27,15.3500003815
2011-04-28,14.6199998856
2011-04-29,14.75
2011-05-02,15.9899997711
2011-05-03,16.7000007629
2011-05-04,17.0799999237
2011-05-05,18.2000007629
2011-05-06,18.3999996185
2011-05-09,17.1599998474
2011-05-10,15.9099998474
2011-05-11,16.9500007629
2011-05-12,16.0300006866
2011-05-13,17.0699996948
2011-05-16,18.2399997711
2011-05-17,17.5499992371
2011-05-18,16.2299995422
2011-05-19,15.5200004578
2011-05-20,17.4300003052
2011-05-23,18.2700004578
2011-05-24,17.8199996948
2011-05-25,17.0699996948
2011-05-26,16.0900001526
2011-05-27,15.9799995422
2011-05-31,15.4499998093
2011-06-01,18.2999992371
2011-06-02,18.0900001526
2011-06-03,17.9500007629
2011-06-06,18.4899997711
2011-06-07,18.0699996948
2011-06-08,18.7900009155
2011-06-09,17.7700004578
2011-06-10,18.8600006104
2011-06-13,19.6100006104
2011-06-14,18.2600002289
2011-06-15,21.3199996948
2011-06-16,22.7299995422
2011-06-17,21.8500003815
2011-06-20,19.9899997711
2011-06-21,18.8600006104
2011-06-22,18.5200004578
2011-06-23,19.2900009155
2011-06-24,21.1000003815
2011-06-27,20.5599994659
2011-06-28,19.1700000763
2011-06-29,17.2700004578
2011-06-30,16.5200004578
2011-07-01,15.8699998856
2011-07-05,16.0599994659
2011-07-06,16.3400001526
2011-07-07,15.9499998093
2011-07-08,15.9499998093
2011-07-11,18.3899993896
2011-07-12,19.8700008392
2011-07-13,19.9099998474
2011-07-14,20.7999992371
2011-07-15,19.5300006866
2011-07-18,20.9500007629
2011-07-19,19.2099990845
2011-07-20,19.0900001526
2011-07-21,17.5599994659
2011-07-22,17.5200004578
2011-07-25,19.3500003815
2011-07-26,20.2299995422
2011-07-27,22.9799995422
2011-07-28,23.7399997711
2011-07-29,25.25
2011-08-01,23.6599998474
2011-08-02,24.7900009155
2011-08-03,23.3799991608
2011-08-04,31.6599998474
2011-08-05,32.0
2011-08-08,48.0
2011-08-09,35.0600013733
2011-08-10,42.9900016785
2011-08-11,39.0
2011-08-12,36.3600006104
2011-08-15,31.8700008392
2011-08-16,32.8499984741
2011-08-17,31.5799999237
2011-08-18,42.6699981689
2011-08-19,43.0499992371
2011-08-22,42.4399986267
2011-08-23,36.2700004578
2011-08-24,35.9000015259
2011-08-25,39.7599983215
2011-08-26,35.5900001526
2011-08-29,32.2799987793
2011-08-30,32.8899993896
2011-08-31,31.6200008392
2011-09-01,31.8199996948
2011-09-02,33.9199981689
2011-09-06,37.0
2011-09-07,33.3800010681
2011-09-08,34.3199996948
2011-09-09,38.5200004578
2011-09-12,38.5900001526
2011-09-13,36.9099998474
2011-09-14,34.5999984741
2011-09-15,31.9699993134
2011-09-16,30.9799995422
2011-09-19,32.7299995422
2011-09-20,32.8600006104
2011-09-21,37.3199996948
2011-09-22,41.3499984741
2011-09-23,41.25
2011-09-26,39.0200004578
2011-09-27,37.7099990845
2011-09-28,41.0800018311
2011-09-29,38.8400001526
2011-09-30,42.9599990845
2011-10-03,45.4500007629
2011-10-04,40.8199996948
2011-10-05,37.8100013733
2011-10-06,36.2700004578
2011-10-07,36.2000007629
2011-10-10,33.0200004578
2011-10-11,32.8600006104
2011-10-12,31.2600002289
2011-10-13,30.7000007629
2011-10-14,28.2399997711
2011-10-17,33.3899993896
2011-10-18,31.5599994659
2011-10-19,34.4399986267
2011-10-20,34.7799987793
2011-10-21,31.3199996948
2011-10-24,29.2600002289
2011-10-25,32.2200012207
2011-10-26,29.8600006104
2011-10-27,25.4599990845
2011-10-28,24.5300006866
2011-10-31,29.9599990845
2011-11-01,34.7700004578
2011-11-02,32.7400016785
2011-11-03,30.5
2011-11-04,30.1599998474
2011-11-07,29.8500003815
2011-11-08,27.4799995422
2011-11-09,36.1599998474
2011-11-10,32.8100013733
2011-11-11,30.0400009155
2011-11-14,31.1299991608
2011-11-15,31.2199993134
2011-11-16,33.5099983215
2011-11-17,34.5099983215
2011-11-18,32.0
2011-11-21,32.9099998474
2011-11-22,31.9699993134
2011-11-23,33.9799995422
2011-11-25,34.4700012207
2011-11-28,32.1300010681
2011-11-29,30.6399993896
2011-11-30,27.7999992371
2011-12-01,27.4099998474
2011-12-02,27.5200004578
2011-12-05,27.8400001526
2011-12-06,28.1299991608
2011-12-07,28.6700000763
2011-12-08,30.5900001526
2011-12-09,26.3799991608
2011-12-12,25.6700000763
2011-12-13,25.4099998474
2011-12-14,26.0400009155
2011-12-15,25.1100006104
2011-12-16,24.2900009155
2011-12-19,24.9200000763
2011-12-20,23.2199993134
2011-12-21,21.4300003052
2011-12-22,21.1599998474
2011-12-23,20.7299995422
2011-12-27,21.9099998474
2011-12-28,23.5200004578
2011-12-29,22.6499996185
2011-12-30,23.3999996185
2012-01-03,22.9699993134
2012-01-04,22.2199993134
2012-01-05,21.4799995422
2012-01-06,20.6299991608
2012-01-09,21.0699996948
2012-01-10,20.6900005341
2012-01-11,21.0499992371
2012-01-12,20.4699993134
2012-01-13,20.9099998474
2012-01-17,22.2000007629
2012-01-18,20.8899993896
2012-01-19,19.8700008392
2012-01-20,18.2800006866
2012-01-23,18.6700000763
2012-01-24,18.9099998474
2012-01-25,18.3099994659
2012-01-26,18.5699996948
2012-01-27,18.5300006866
2012-01-30,19.3999996185
2012-01-31,19.4400005341
2012-02-01,18.5499992371
2012-02-02,17.9799995422
2012-02-03,17.1000003815
2012-02-06,17.7600002289
2012-02-07,17.6499996185
2012-02-08,18.1599998474
2012-02-09,18.6299991608
2012-02-10,20.7900009155
2012-02-13,19.0400009155
2012-02-14,19.5400009155
2012-02-15,21.1399993896
2012-02-16,19.2199993134
2012-02-17,17.7800006866
2012-02-21,18.1900005341
2012-02-22,18.1900005341
2012-02-23,16.7999992371
2012-02-24,17.3099994659
2012-02-27,18.1900005341
2012-02-28,17.9599990845
2012-02-29,18.4300003052
2012-03-01,17.2600002289
2012-03-02,17.2900009155
2012-03-05,18.0499992371
2012-03-06,20.8700008392
2012-03-07,19.0699996948
2012-03-08,17.9500007629
2012-03-09,17.1100006104
2012-03-12,15.6400003433
2012-03-13,14.8000001907
2012-03-14,15.3100004196
2012-03-15,15.4200000763
2012-03-16,14.470000267
2012-03-19,15.0399999619
2012-03-20,15.5799999237
2012-03-21,15.1300001144
2012-03-22,15.5699996948
2012-03-23,14.8199996948
2012-03-26,14.2600002289
2012-03-27,15.5900001526
2012-03-28,15.470000267
2012-03-29,15.4799995422
2012-03-30,15.5
2012-04-02,15.6400003433
2012-04-03,15.6599998474
2012-04-04,16.4400005341
2012-04-05,16.7000007629
2012-04-09,18.8099994659
2012-04-10,20.3899993896
2012-04-11,20.0200004578
2012-04-12,17.2000007629
2012-04-13,19.5499992371
2012-04-16,19.5499992371
2012-04-17,18.4599990845
2012-04-18,18.6399993896
2012-04-19,18.3600006104
2012-04-20,17.4400005341
2012-04-23,18.9699993134
2012-04-24,18.1000003815
2012-04-25,16.8199996948
2012-04-26,16.2399997711
2012-04-27,16.3199996948
2012-04-30,17.1499996185
2012-05-01,16.6000003815
2012-05-02,16.8799991608
2012-05-03,17.5599994659
2012-05-04,19.1599998474
2012-05-07,18.9400005341
2012-05-08,19.0499992371
2012-05-09,20.0799999237
2012-05-10,18.8299999237
2012-05-11,19.8899993896
2012-05-14,21.8700008392
2012-05-15,21.9699993134
2012-05-16,22.2700004578
2012-05-17,24.4899997711
2012-05-18,25.1000003815
2012-05-21,22.0100002289
2012-05-22,22.4799995422
2012-05-23,22.3299999237
2012-05-24,21.5400009155
2012-05-25,21.7600002289
2012-05-29,21.0300006866
2012-05-30,24.1399993896
2012-05-31,24.0599994659
2012-06-01,26.6599998474
2012-06-04,26.1200008392
2012-06-05,24.6800003052
2012-06-06,22.1599998474
2012-06-07,21.7199993134
2012-06-08,21.2299995422
2012-06-11,23.5599994659
2012-06-12,22.0900001526
2012-06-13,24.2700004578
2012-06-14,21.6800003052
2012-06-15,21.1100006104
2012-06-18,18.3199996948
2012-06-19,18.3799991608
2012-06-20,17.2399997711
2012-06-21,20.0799999237
2012-06-22,18.1100006104
2012-06-25,20.3799991608
2012-06-26,19.7199993134
2012-06-27,19.4500007629
2012-06-28,19.7099990845
2012-06-29,17.0799999237
2012-07-02,16.7999992371
2012-07-03,16.6599998474
2012-07-05,17.5
2012-07-06,17.1000003815
2012-07-09,17.9799995422
2012-07-10,18.7199993134
2012-07-11,17.9500007629
2012-07-12,18.3299999237
2012-07-13,16.7399997711
2012-07-16,17.1100006104
2012-07-17,16.4799995422
2012-07-18,16.1599998474
2012-07-19,15.4499998093
2012-07-20,16.2700004578
2012-07-23,18.6200008392
2012-07-24,20.4699993134
2012-07-25,19.3400001526
2012-07-26,17.5300006866
2012-07-27,16.7000007629
2012-07-30,18.0300006866
2012-07-31,18.9300003052
2012-08-01,18.9599990845
2012-08-02,17.5699996948
2012-08-03,15.6400003433
2012-08-06,15.9499998093
2012-08-07,15.9899997711
2012-08-08,15.3199996948
2012-08-09,15.279999733
2012-08-10,14.7399997711
2012-08-13,13.6999998093
2012-08-14,14.8500003815
2012-08-15,14.6300001144
2012-08-16,14.2899999619
2012-08-17,13.4499998093
2012-08-20,14.0200004578
2012-08-21,15.0200004578
2012-08-22,15.1099996567
2012-08-23,15.9600000381
2012-08-24,15.1800003052
2012-08-27,16.3500003815
2012-08-28,16.4899997711
2012-08-29,17.0599994659
2012-08-30,17.8299999237
2012-08-31,17.4699993134
2012-09-04,17.9799995422
2012-09-05,17.7399997711
2012-09-06,15.6000003815
2012-09-07,14.3800001144
2012-09-10,16.2800006866
2012-09-11,16.4099998474
2012-09-12,15.8000001907
2012-09-13,14.0500001907
2012-09-14,14.5100002289
2012-09-17,14.5900001526
2012-09-18,14.1800003052
2012-09-19,13.8800001144
2012-09-20,14.0699996948
2012-09-21,13.9799995422
2012-09-24,14.1499996185
2012-09-25,15.4300003052
2012-09-26,16.8099994659
2012-09-27,14.8400001526
2012-09-28,15.7299995422
2012-10-01,16.3199996948
2012-10-02,15.7100000381
2012-10-03,15.4300003052
2012-10-04,14.5500001907
2012-10-05,14.3299999237
2012-10-08,15.1099996567
2012-10-09,16.3700008392
2012-10-10,16.2900009155
2012-10-11,15.5900001526
2012-10-12,16.1399993896
2012-10-15,15.2700004578
2012-10-16,15.220000267
2012-10-17,15.0699996948
2012-10-18,15.029999733
2012-10-19,17.0599994659
2012-10-22,16.6200008392
2012-10-23,18.8299999237
2012-10-24,18.3299999237
2012-10-25,18.1200008392
2012-10-26,17.8099994659
2012-10-31,18.6000003815
2012-11-01,16.6900005341
2012-11-02,17.5900001526
2012-11-05,18.4200000763
2012-11-06,17.5799999237
2012-11-07,19.0799999237
2012-11-08,18.4899997711
2012-11-09,18.6100006104
2012-11-12,16.6800003052
2012-11-13,16.6499996185
2012-11-14,17.9200000763
2012-11-15,17.9899997711
2012-11-16,16.4099998474
2012-11-19,15.2399997711
2012-11-20,15.0799999237
2012-11-21,15.3100004196
2012-11-23,15.1400003433
2012-11-26,15.5
2012-11-27,15.9200000763
2012-11-28,15.5100002289
2012-11-29,15.0600004196
2012-11-30,15.8699998856
2012-12-03,16.6399993896
2012-12-04,17.1200008392
2012-12-05,16.4599990845
2012-12-06,16.5799999237
2012-12-07,15.8999996185
2012-12-10,16.0499992371
2012-12-11,15.5699996948
2012-12-12,15.9499998093
2012-12-13,16.5599994659
2012-12-14,17.0
2012-12-17,16.3400001526
2012-12-18,15.5699996948
2012-12-19,17.3600006104
2012-12-20,17.6700000763
2012-12-21,17.8400001526
2012-12-24,17.8400001526
2012-12-26,19.4799995422
2012-12-27,19.4699993134
2012-12-28,22.7199993134
2012-12-31,18.0200004578
2013-01-02,14.6800003052
2013-01-03,14.5600004196
2013-01-04,13.8299999237
2013-01-07,13.7899999619
2013-01-08,13.6199998856
2013-01-09,13.8100004196
2013-01-10,13.4899997711
2013-01-11,13.3599996567
2013-01-14,13.5200004578
2013-01-15,13.5500001907
2013-01-16,13.4200000763
2013-01-17,13.5699996948
2013-01-18,12.4600000381
2013-01-22,12.4300003052
2013-01-23,12.4600000381
2013-01-24,12.6899995804
2013-01-25,12.8900003433
2013-01-28,13.5699996948
2013-01-29,13.3100004196
2013-01-30,14.3199996948
2013-01-31,14.279999733
2013-02-01,12.8999996185
2013-02-04,14.6700000763
2013-02-05,13.720000267
2013-02-06,13.4099998474
2013-02-07,13.5
2013-02-08,13.0200004578
2013-02-11,12.9399995804
2013-02-12,12.6400003433
2013-02-13,12.9799995422
2013-02-14,12.6599998474
2013-02-15,12.4600000381
2013-02-19,12.3100004196
2013-02-20,14.6800003052
2013-02-21,15.220000267
2013-02-22,14.1700000763
2013-02-25,18.9899997711
2013-02-26,16.8700008392
2013-02-27,14.7299995422
2013-02-28,15.5100002289
2013-03-01,15.3599996567
2013-03-04,14.0100002289
2013-03-05,13.4799995422
2013-03-06,13.529999733
2013-03-07,13.0600004196
2013-03-08,12.5900001526
2013-03-11,11.5600004196
2013-03-12,12.2700004578
2013-03-13,11.8299999237
2013-03-14,11.3000001907
2013-03-15,11.3000001907
2013-03-18,13.3599996567
2013-03-19,14.3900003433
2013-03-20,12.6700000763
2013-03-21,13.9899997711
2013-03-22,13.5699996948
2013-03-25,13.7399997711
2013-03-26,12.7700004578
2013-03-27,13.1499996185
2013-03-28,12.6999998093
2013-04-01,13.5799999237
2013-04-02,12.779999733
2013-04-03,14.2100000381
2013-04-04,13.8900003433
2013-04-05,13.9200000763
2013-04-08,13.1899995804
2013-04-09,12.8400001526
2013-04-10,12.3599996567
2013-04-11,12.2399997711
2013-04-12,12.0600004196
2013-04-15,17.2700004578
2013-04-16,13.9600000381
2013-04-17,16.5100002289
2013-04-18,17.5599994659
2013-04-19,14.970000267
2013-04-22,14.3900003433
2013-04-23,13.4799995422
2013-04-24,13.6099996567
2013-04-25,13.6199998856
2013-04-26,13.6099996567
2013-04-29,13.7100000381
2013-04-30,13.5200004578
2013-05-01,14.4899997711
2013-05-02,13.5900001526
2013-05-03,12.8500003815
2013-05-06,12.6599998474
2013-05-07,12.8299999237
2013-05-08,12.6599998474
2013-05-09,13.1300001144
2013-05-10,12.5900001526
2013-05-13,12.5500001907
2013-05-14,12.7700004578
2013-05-15,12.8100004196
2013-05-16,13.0699996948
2013-05-17,12.4499998093
2013-05-20,13.0200004578
2013-05-21,13.3699998856
2013-05-22,13.8199996948
2013-05-23,14.0699996948
2013-05-24,13.9899997711
2013-05-28,14.4799995422
2013-05-29,14.8299999237
2013-05-30,14.529999733
2013-05-31,16.2999992371
2013-06-03,16.2800006866
2013-06-04,16.2700004578
2013-06-05,17.5
2013-06-06,16.6299991608
2013-06-07,15.1400003433
2013-06-10,15.4399995804
2013-06-11,17.0699996948
2013-06-12,18.5900001526
2013-06-13,16.4099998474
2013-06-14,17.1499996185
2013-06-17,16.7999992371
2013-06-18,16.6100006104
2013-06-19,16.6399993896
2013-06-20,20.4899997711
2013-06-21,18.8999996185
2013-06-24,20.1100006104
2013-06-25,18.4699993134
2013-06-26,17.2099990845
2013-06-27,16.8600006104
2013-06-28,16.8600006104
2013-07-01,16.3700008392
2013-07-02,16.4400005341
2013-07-03,16.2000007629
2013-07-05,14.8900003433
2013-07-08,14.779999733
2013-07-09,14.3500003815
2013-07-10,14.2100000381
2013-07-11,14.0100002289
2013-07-12,13.8400001526
2013-07-15,13.7899999619
2013-07-16,14.4200000763
2013-07-17,13.779999733
2013-07-18,13.7700004578
2013-07-19,12.5399999619
2013-07-22,12.2899999619
2013-07-23,12.6599998474
2013-07-24,13.1800003052
2013-07-25,12.970000267
2013-07-26,12.720000267
2013-07-29,13.3900003433
2013-07-30,13.3900003433
2013-07-31,13.4499998093
2013-08-01,12.9399995804
2013-08-02,11.9799995422
2013-08-05,11.8400001526
2013-08-06,12.720000267
2013-08-07,12.9799995422
2013-08-08,12.7299995422
2013-08-09,13.4099998474
2013-08-12,12.8100004196
2013-08-13,12.3100004196
2013-08-14,13.0399999619
2013-08-15,14.7299995422
2013-08-16,14.3699998856
2013-08-19,15.1000003815
2013-08-20,14.9099998474
2013-08-21,15.9399995804
2013-08-22,14.7600002289
2013-08-23,13.9799995422
2013-08-26,14.9899997711
2013-08-27,16.7700004578
2013-08-28,16.4899997711
2013-08-29,16.8099994659
2013-08-30,17.0100002289
2013-09-03,16.6100006104
2013-09-04,15.8800001144
2013-09-05,15.7700004578
2013-09-06,15.8500003815
2013-09-09,15.6300001144
2013-09-10,14.529999733
2013-09-11,13.8199996948
2013-09-12,14.2899999619
2013-09-13,14.1599998474
2013-09-16,14.3800001144
2013-09-17,14.529999733
2013-09-18,13.5900001526
2013-09-19,13.1599998474
2013-09-20,13.1199998856
2013-09-23,14.3100004196
2013-09-24,14.0799999237
2013-09-25,14.0100002289
2013-09-26,14.0600004196
2013-09-27,15.4600000381
2013-09-30,16.6000003815
2013-10-01,15.5399999619
2013-10-02,16.6000003815
2013-10-03,17.6700000763
2013-10-04,16.7399997711
2013-10-07,19.4099998474
2013-10-08,20.3400001526
2013-10-09,19.6000003815
2013-10-10,16.4799995422
2013-10-11,15.720000267
2013-10-14,16.0699996948
2013-10-15,18.6599998474
2013-10-16,14.7100000381
2013-10-17,13.4799995422
2013-10-18,13.0399999619
2013-10-21,13.1599998474
2013-10-22,13.3299999237
2013-10-23,13.4200000763
2013-10-24,13.1999998093
2013-10-25,13.0900001526
2013-10-28,13.3100004196
2013-10-29,13.4099998474
2013-10-30,13.6499996185
2013-10-31,13.75
2013-11-01,13.279999733
2013-11-04,12.9300003052
2013-11-05,13.2700004578
2013-11-06,12.6700000763
2013-11-07,13.9099998474
2013-11-08,12.8999996185
2013-11-11,12.529999733
2013-11-12,12.8199996948
2013-11-13,12.5200004578
2013-11-14,12.3699998856
2013-11-15,12.1899995804
2013-11-18,13.1000003815
2013-11-19,13.3900003433
2013-11-20,13.3999996185
2013-11-21,12.6599998474
2013-11-22,12.2600002289
2013-11-25,12.7899999619
2013-11-26,12.8100004196
2013-11-27,12.9799995422
2013-11-29,13.6999998093
2013-12-02,14.2299995422
2013-12-03,14.5500001907
2013-12-04,14.6999998093
2013-12-05,15.0799999237
2013-12-06,13.7899999619
2013-12-09,13.4899997711
2013-12-10,13.9099998474
2013-12-11,15.4200000763
2013-12-12,15.5399999619
2013-12-13,15.7600002289
2013-12-16,16.0300006866
2013-12-17,16.2099990845
2013-12-18,13.8000001907
2013-12-19,14.1499996185
2013-12-20,13.7899999619
2013-12-23,13.0399999619
2013-12-24,12.4799995422
2013-12-26,12.3299999237
2013-12-27,12.4600000381
2013-12-30,13.5600004196
2013-12-31,13.720000267
2014-01-02,14.2299995422
2014-01-03,13.7600002289
2014-01-06,13.5500001907
2014-01-07,12.9200000763
2014-01-08,12.8699998856
2014-01-09,12.8900003433
2014-01-10,12.1400003433
2014-01-13,13.279999733
2014-01-14,12.279999733
2014-01-15,12.279999733
2014-01-16,12.529999733
2014-01-17,12.4399995804
2014-01-21,12.8699998856
2014-01-22,12.8400001526
2014-01-23,13.7700004578
2014-01-24,18.1399993896
2014-01-27,17.4200000763
2014-01-28,15.8000001907
2014-01-29,17.3500003815
2014-01-30,17.2900009155
2014-01-31,18.4099998474
2014-02-03,21.4400005341
2014-02-04,19.1100006104
2014-02-05,19.9500007629
2014-02-06,17.2299995422
2014-02-07,15.2899999619
2014-02-10,15.2600002289
2014-02-11,14.5100002289
2014-02-12,14.3000001907
2014-02-13,14.1400003433
2014-02-14,13.5699996948
2014-02-18,13.8699998856
2014-02-19,15.5
2014-02-20,14.7899999619
2014-02-21,14.6800003052
2014-02-24,14.2299995422
2014-02-25,13.6700000763
2014-02-26,14.3500003815
2014-02-27,14.0399999619
2014-02-28,14.0
2014-03-03,16.0
2014-03-04,14.1000003815
2014-03-05,13.8900003433
2014-03-06,14.2100000381
2014-03-07,14.1099996567
2014-03-10,14.1999998093
2014-03-11,14.8000001907
2014-03-12,14.470000267
2014-03-13,16.2199993134
2014-03-14,17.8199996948
2014-03-17,15.6400003433
2014-03-18,14.5200004578
2014-03-19,15.1199998856
2014-03-20,14.5200004578
2014-03-21,15.0
2014-03-24,15.0900001526
2014-03-25,14.0200004578
2014-03-26,14.9300003052
2014-03-27,14.6199998856
2014-03-28,14.4099998474
2014-03-31,13.8800001144
2014-04-01,13.1000003815
2014-04-02,13.0900001526
2014-04-03,13.3699998856
2014-04-04,13.9600000381
2014-04-07,15.5699996948
2014-04-08,14.8900003433
2014-04-09,13.8199996948
2014-04-10,15.8900003433
2014-04-11,17.0300006866
2014-04-14,16.1100006104
2014-04-15,15.6099996567
2014-04-16,14.1800003052
2014-04-17,13.3599996567
2014-04-21,13.25
2014-04-22,13.1899995804
2014-04-23,13.2700004578
2014-04-24,13.3199996948
2014-04-25,14.0600004196
2014-04-28,13.970000267
2014-04-29,13.7100000381
2014-04-30,13.4099998474
2014-05-01,13.25
2014-05-02,12.9099998474
2014-05-05,13.2899999619
2014-05-06,13.8000001907
2014-05-07,13.3999996185
2014-05-08,13.4300003052
2014-05-09,12.9200000763
2014-05-12,12.2299995422
2014-05-13,12.1300001144
2014-05-14,12.1700000763
2014-05-15,13.1700000763
2014-05-16,12.4399995804
2014-05-19,12.4200000763
2014-05-20,12.9600000381
2014-05-21,11.9099998474
2014-05-22,12.029999733
2014-05-23,11.3599996567
2014-05-27,11.5100002289
2014-05-28,11.6800003052
2014-05-29,11.5699996948
2014-05-30,11.3999996185
2014-06-02,11.5799999237
2014-06-03,11.8699998856
2014-06-04,12.0799999237
2014-06-05,11.6800003052
2014-06-06,10.7299995422
2014-06-09,11.1499996185
2014-06-10,10.9899997711
2014-06-11,11.6000003815
2014-06-12,12.5600004196
2014-06-13,12.1800003052
2014-06-16,12.6499996185
2014-06-17,12.0600004196
2014-06-18,10.6099996567
2014-06-19,10.6199998856
2014-06-20,10.8500003815
2014-06-23,10.9799995422
2014-06-24,12.1300001144
2014-06-25,11.5900001526
2014-06-26,11.6300001144
2014-06-27,11.2600002289
2014-06-30,11.5699996948
2014-07-01,11.1499996185
2014-07-02,10.8199996948
2014-07-03,10.3199996948
2014-07-07,11.3299999237
2014-07-08,11.9799995422
2014-07-09,11.6499996185
2014-07-10,12.5900001526
2014-07-11,12.0799999237
2014-07-14,11.8199996948
2014-07-15,11.9600000381
2014-07-16,11.0
2014-07-17,14.5399999619
2014-07-18,12.0600004196
2014-07-21,12.8100004196
2014-07-22,12.2399997711
2014-07-23,11.5200004578
2014-07-24,11.8400001526
2014-07-25,12.6899995804
2014-07-28,12.5600004196
2014-07-29,13.279999733
2014-07-30,13.3299999237
2014-07-31,16.9500007629
2014-08-01,17.0300006866
2014-08-04,15.1199998856
2014-08-05,16.8700008392
2014-08-06,16.3700008392
2014-08-07,16.6599998474
2014-08-08,15.7700004578
2014-08-11,14.2299995422
2014-08-12,14.1300001144
2014-08-13,12.8999996185
2014-08-14,12.4200000763
2014-08-15,13.1499996185
2014-08-18,12.3199996948
2014-08-19,12.2100000381
2014-08-20,11.779999733
2014-08-21,11.7600002289
2014-08-22,11.470000267
2014-08-25,11.6999998093
2014-08-26,11.6300001144
2014-08-27,11.779999733
2014-08-28,12.0500001907
2014-08-29,12.0900001526
2014-09-02,12.25
2014-09-03,12.3599996567
2014-09-04,12.6400003433
2014-09-05,12.0900001526
2014-09-08,12.6599998474
2014-09-09,13.5
2014-09-10,12.8800001144
2014-09-11,12.8000001907
2014-09-12,13.3100004196
2014-09-15,14.1199998856
2014-09-16,12.7299995422
2014-09-17,12.6499996185
2014-09-18,12.029999733
2014-09-19,12.1099996567
2014-09-22,13.6899995804
2014-09-23,14.9300003052
2014-09-24,13.2700004578
2014-09-25,15.6400003433
2014-09-26,14.8500003815
2014-09-29,15.9799995422
2014-09-30,16.3099994659
2014-10-01,16.7099990845
2014-10-02,16.1599998474
2014-10-03,14.5500001907
2014-10-06,15.4600000381
2014-10-07,17.2000007629
2014-10-08,15.1099996567
2014-10-09,18.7600002289
2014-10-10,21.2399997711
2014-10-13,24.6399993896
2014-10-14,22.7900009155
2014-10-15,25.2700004578
2014-10-16,25.2000007629
2014-10-17,21.9899997711
2014-10-20,18.5699996948
2014-10-21,16.0799999237
2014-10-22,17.8700008392
2014-10-23,16.5300006866
2014-10-24,16.1100006104
2014-10-27,16.0400009155
2014-10-28,14.3900003433
2014-10-29,15.1499996185
2014-10-30,14.5200004578
2014-10-31,14.029999733
2014-11-03,14.7299995422
2014-11-04,14.8900003433
2014-11-05,14.1700000763
2014-11-06,13.6700000763
2014-11-07,13.1199998856
2014-11-10,12.6700000763
2014-11-11,12.9200000763
2014-11-12,13.0200004578
2014-11-13,13.7899999619
2014-11-14,13.3100004196
2014-11-17,13.9899997711
2014-11-18,13.8599996567
2014-11-19,13.9600000381
2014-11-20,13.5799999237
2014-11-21,12.8999996185
2014-11-24,12.6199998856
2014-11-25,12.25
2014-11-26,12.0699996948
2014-11-28,13.3299999237
2014-12-01,14.1599998474
2014-12-02,12.8500003815
2014-12-03,12.5
2014-12-04,12.3800001144
2014-12-05,11.8900003433
2014-12-08,14.2100000381
2014-12-09,15.3500003815
2014-12-10,18.5300006866
2014-12-11,20.0799999237
2014-12-12,21.0799999237
2014-12-15,20.4200000763
2014-12-16,23.5699996948
2014-12-17,19.4400005341
2014-12-18,16.8099994659
2014-12-19,16.4899997711
2014-12-22,15.25
2014-12-23,14.8000001907
2014-12-24,14.3699998856
2014-12-26,14.5
2014-12-29,15.0600004196
2014-12-30,15.9200000763
2014-12-31,19.2000007629
2015-01-02,17.7900009155
2015-01-05,19.9200000763
2015-01-06,21.1200008392
2015-01-07,19.3099994659
2015-01-08,17.0100002289
2015-01-09,17.5499992371
2015-01-12,19.6000003815
2015-01-13,20.5599994659
2015-01-14,21.4799995422
2015-01-15,22.3899993896
2015-01-16,20.9500007629
2015-01-20,19.8899993896
2015-01-21,18.8500003815
2015-01-22,16.3999996185
2015-01-23,16.6599998474
2015-01-26,15.5200004578
2015-01-27,17.2199993134
2015-01-28,20.4400005341
2015-01-29,18.7600002289
2015-01-30,20.9699993134
2015-02-02,19.4300003052
2015-02-03,17.3299999237
2015-02-04,18.3299999237
2015-02-05,16.8500003815
2015-02-06,17.2900009155
2015-02-09,18.5499992371
2015-02-10,17.2299995422
2015-02-11,16.9599990845
2015-02-12,15.3400001526
2015-02-13,14.6899995804
2015-02-17,15.8000001907
2015-02-18,15.4499998093
2015-02-19,15.2899999619
2015-02-20,14.3000001907
2015-02-23,14.5600004196
2015-02-24,13.6899995804
2015-02-25,13.8400001526
2015-02-26,13.9099998474
2015-02-27,13.3400001526
2015-03-02,13.0399999619
2015-03-03,13.8599996567
2015-03-04,14.2299995422
2015-03-05,14.0399999619
2015-03-06,15.1999998093
2015-03-09,15.0600004196
2015-03-10,16.6900005341
2015-03-11,16.8700008392
2015-03-12,15.4200000763
2015-03-13,16.0
2015-03-16,15.6099996567
2015-03-17,15.6599998474
2015-03-18,13.970000267
2015-03-19,14.0699996948
2015-03-20,13.0200004578
2015-03-23,13.4099998474
2015-03-24,13.6199998856
2015-03-25,15.4399995804
2015-03-26,15.8000001907
2015-03-27,15.0699996948
2015-03-30,14.5100002289
2015-03-31,15.2899999619
2015-04-01,15.1099996567
2015-04-02,14.6700000763
2015-04-06,14.7399997711
2015-04-07,14.779999733
2015-04-08,13.9799995422
2015-04-09,13.0900001526
2015-04-10,12.5799999237
2015-04-13,13.9399995804
2015-04-14,13.6700000763
2015-04-15,12.8400001526
2015-04-16,12.6000003815
2015-04-17,13.8900003433
2015-04-20,13.3000001907
2015-04-21,13.25
2015-04-22,12.7100000381
2015-04-23,12.4799995422
2015-04-24,12.2899999619
2015-04-27,13.1199998856
2015-04-28,12.4099998474
2015-04-29,13.3900003433
2015-04-30,14.5500001907
2015-05-01,12.6999998093
2015-05-04,12.8500003815
2015-05-05,14.3100004196
2015-05-06,15.1499996185
2015-05-07,15.1300001144
2015-05-08,12.8599996567
2015-05-11,13.8500003815
2015-05-12,13.8599996567
2015-05-13,13.7600002289
2015-05-14,12.7399997711
2015-05-15,12.3800001144
2015-05-18,12.7299995422
2015-05-19,12.8500003815
2015-05-20,12.8800001144
2015-05-21,12.1099996567
2015-05-22,12.1300001144
2015-05-26,14.0600004196
2015-05-27,13.2700004578
2015-05-28,13.3100004196
2015-05-29,13.8400001526
2015-06-01,13.970000267
2015-06-02,14.2399997711
2015-06-03,13.6599998474
2015-06-04,14.7100000381
2015-06-05,14.2100000381
2015-06-08,15.2899999619
2015-06-09,14.470000267
2015-06-10,13.220000267
2015-06-11,12.8500003815
2015-06-12,13.779999733
2015-06-15,15.3900003433
2015-06-16,14.8100004196
2015-06-17,14.5
2015-06-18,13.1899995804
2015-06-19,13.9600000381
2015-06-22,12.7399997711
2015-06-23,12.1099996567
2015-06-24,13.2600002289
2015-06-25,14.0100002289
2015-06-26,14.0200004578
2015-06-29,18.8500003815
2015-06-30,18.2299995422
2015-07-01,16.0900001526
2015-07-02,16.7900009155
2015-07-06,17.0100002289
2015-07-07,16.0900001526
2015-07-08,19.6599998474
2015-07-09,19.9699993134
2015-07-10,16.8299999237
2015-07-13,13.8999996185
2015-07-14,13.3699998856
2015-07-15,13.2299995422
2015-07-16,12.1099996567
2015-07-17,11.9499998093
2015-07-20,12.25
2015-07-21,12.220000267
2015-07-22,12.1199998856
2015-07-23,12.6400003433
2015-07-24,13.7399997711
2015-07-27,15.6000003815
2015-07-28,13.4399995804
2015-07-29,12.5
2015-07-30,12.1300001144
2015-07-31,12.1199998856
2015-08-03,12.5600004196
2015-08-04,13.0
2015-08-05,12.5100002289
2015-08-06,13.7700004578
2015-08-07,13.3900003433
2015-08-10,12.2299995422
2015-08-11,13.7100000381
2015-08-12,13.6099996567
2015-08-13,13.4899997711
2015-08-14,12.8299999237
2015-08-17,13.0200004578
2015-08-18,13.7899999619
2015-08-19,15.25
2015-08-20,19.1399993896
2015-08-21,28.0300006866
2015-08-24,40.7400016785
2015-08-25,36.0200004578
2015-08-26,30.3199996948
2015-08-27,26.1000003815
2015-08-28,26.0499992371
2015-08-31,28.4300003052
2015-09-01,31.3999996185
2015-09-02,26.0900001526
2015-09-03,25.6100006104
2015-09-04,27.7999992371
2015-09-08,24.8999996185
2015-09-09,26.2299995422
2015-09-10,24.3700008392
2015-09-11,23.2000007629
2015-09-14,24.25
2015-09-15,22.5400009155
2015-09-16,21.3500003815
2015-09-17,21.1399993896
2015-09-18,22.2800006866
2015-09-21,20.1399993896
2015-09-22,22.4400005341
2015-09-23,22.1299991608
2015-09-24,23.4699993134
2015-09-25,23.6200008392
2015-09-28,27.6299991608
2015-09-29,26.8299999237
2015-09-30,24.5
2015-10-01,22.5499992371
2015-10-02,20.9400005341
2015-10-05,19.5400009155
2015-10-06,19.3999996185
2015-10-07,18.3999996185
2015-10-08,17.4200000763
2015-10-09,17.0799999237
2015-10-12,16.1700000763
2015-10-13,17.6700000763
2015-10-14,18.0300006866
2015-10-15,16.0499992371
2015-10-16,15.0500001907
2015-10-19,14.9799995422
2015-10-20,15.75
2015-10-21,16.7000007629
2015-10-22,14.4499998093
2015-10-23,14.4600000381
2015-10-26,15.2899999619
2015-10-27,15.4300003052
2015-10-28,14.3299999237
2015-10-29,14.6099996567
2015-10-30,15.0699996948
2015-11-02,14.1499996185
2015-11-03,14.5399999619
2015-11-04,15.5100002289
2015-11-05,15.0500001907
2015-11-06,14.3299999237
2015-11-09,16.5200004578
2015-11-10,15.2899999619
2015-11-11,16.0599994659
2015-11-12,18.3700008392
2015-11-13,20.0799999237
2015-11-16,18.1599998474
2015-11-17,18.8400001526
2015-11-18,16.8500003815
2015-11-19,16.9899997711
2015-11-20,15.470000267
2015-11-23,15.6199998856
2015-11-24,15.9300003052
2015-11-25,15.1899995804
2015-11-27,15.1199998856
2015-11-30,16.1299991608
2015-12-01,14.6700000763
2015-12-02,15.9099998474
2015-12-03,18.1100006104
2015-12-04,14.8100004196
2015-12-07,15.8400001526
2015-12-08,17.6000003815
2015-12-09,19.6100006104
2015-12-10,19.3400001526
2015-12-11,24.3899993896
2015-12-14,22.7299995422
2015-12-15,20.9500007629
2015-12-16,17.8600006104
2015-12-17,18.9400005341
2015-12-18,20.7000007629
2015-12-21,18.7000007629
2015-12-22,16.6000003815
2015-12-23,15.5699996948
2015-12-24,15.7399997711
2015-12-28,16.9099998474
2015-12-29,16.0799999237
2015-12-30,17.2900009155
2015-12-31,18.2099990845
2016-01-04,20.7000007629
2016-01-05,19.3400001526
2016-01-06,20.5900001526
2016-01-07,24.9899997711
2016-01-08,27.0100002289
2016-01-11,24.2999992371
2016-01-12,22.4699993134
2016-01-13,25.2199993134
2016-01-14,23.9500007629
2016-01-15,27.0200004578
2016-01-19,26.0499992371
2016-01-20,27.5900001526
2016-01-21,26.6900005341
2016-01-22,22.3400001526
2016-01-25,24.1499996185
2016-01-26,22.5
2016-01-27,23.1100006104
2016-01-28,22.4200000763
2016-01-29,20.2000007629
2016-02-01,19.9799995422
2016-02-02,21.9799995422
2016-02-03,21.6499996185
2016-02-04,21.8400001526
2016-02-05,23.3799991608
2016-02-08,26.0
2016-02-09,26.5400009155
2016-02-10,26.2900009155
2016-02-11,28.1399993896
2016-02-12,25.3999996185
2016-02-16,24.1100006104
2016-02-17,22.3099994659
2016-02-18,21.6399993896
2016-02-19,20.5300006866
2016-02-22,19.3799991608
2016-02-23,20.9799995422
2016-02-24,20.7199993134
2016-02-25,19.1100006104
2016-02-26,19.8099994659
2016-02-29,20.5499992371
2016-03-01,17.7000007629
2016-03-02,17.0900001526
2016-03-03,16.7000007629
2016-03-04,16.8600006104
2016-03-07,17.3500003815
2016-03-08,18.6700000763
2016-03-09,18.3400001526
2016-03-10,18.0499992371
2016-03-11,16.5
2016-03-14,16.9200000763
2016-03-15,16.8400001526
2016-03-16,14.9899997711
2016-03-17,14.4399995804
2016-03-18,14.0200004578
2016-03-21,13.7899999619
2016-03-22,14.1700000763
2016-03-23,14.9399995804
2016-03-24,14.7399997711
2016-03-28,15.2399997711
2016-03-29,13.8199996948
2016-03-30,13.5600004196
2016-03-31,13.9499998093
2016-04-01,13.1000003815
2016-04-04,14.1199998856
2016-04-05,15.4200000763
2016-04-06,14.0900001526
2016-04-07,16.1599998474
2016-04-08,15.3599996567
2016-04-11,16.2600002289
2016-04-12,14.8500003815
2016-04-13,13.8400001526
2016-04-14,13.720000267
2016-04-15,13.6199998856
2016-04-18,13.3500003815
2016-04-19,13.2399997711
2016-04-20,13.279999733
2016-04-21,13.9499998093
2016-04-22,13.220000267
2016-04-25,14.0799999237
2016-04-26,13.9600000381
2016-04-27,13.7700004578
2016-04-28,15.220000267
2016-04-29,15.6999998093
2016-05-02,14.6800003052
2016-05-03,15.6000003815
2016-05-04,16.0499992371
2016-05-05,15.9099998474
2016-05-06,14.720000267
2016-05-09,14.5699996948
2016-05-10,13.6300001144
2016-05-11,14.6899995804
2016-05-12,14.4099998474
2016-05-13,15.0399999619
2016-05-16,14.6800003052
2016-05-17,15.5699996948
2016-05-18,15.9499998093
2016-05-19,16.3299999237
2016-05-20,15.1999998093
2016-05-23,15.8199996948
2016-05-24,14.4200000763
2016-05-25,13.8999996185
2016-05-26,13.4300003052
2016-05-27,13.1199998856
2016-05-31,14.1899995804
2016-06-01,14.1999998093
2016-06-02,13.6300001144
2016-06-03,13.470000267
2016-06-06,13.6499996185
2016-06-07,14.0500001907
2016-06-08,14.0799999237
2016-06-09,14.6400003433
2016-06-10,17.0300006866
2016-06-13,20.9699993134
2016-06-14,20.5
2016-06-15,20.1399993896
2016-06-16,19.3700008392
2016-06-17,19.4099998474
2016-06-20,18.3700008392
2016-06-21,18.4799995422
2016-06-22,21.1700000763
2016-06-23,17.25
2016-06-24,25.7600002289
2016-06-27,23.8500003815
2016-06-28,18.75
2016-06-29,16.6399993896
2016-06-30,15.6300001144
2016-07-01,14.7700004578
2016-07-05,15.5799999237
2016-07-06,14.9600000381
2016-07-07,14.7600002289
2016-07-08,13.1999998093
2016-07-11,13.5399999619
2016-07-12,13.5500001907
2016-07-13,13.0399999619
2016-07-14,12.8199996948
2016-07-15,12.6700000763
2016-07-18,12.4399995804
2016-07-19,11.970000267
2016-07-20,11.7700004578
2016-07-21,12.7399997711
2016-07-22,12.0200004578
2016-07-25,12.8699998856
2016-07-26,13.0500001907
2016-07-27,12.8299999237
2016-07-28,12.720000267
2016-07-29,11.8699998856
2016-08-01,12.4399995804
2016-08-02,13.3699998856
2016-08-03,12.8599996567
2016-08-04,12.4200000763
2016-08-05,11.3900003433
2016-08-08,11.5
2016-08-09,11.6599998474
2016-08-10,12.0500001907
2016-08-11,11.6800003052
2016-08-12,11.5500001907
2016-08-15,11.8100004196
2016-08-16,12.6400003433
2016-08-17,12.1899995804
2016-08-18,11.4300003052
2016-08-19,11.3400001526
2016-08-22,12.2700004578
2016-08-23,12.3800001144
2016-08-24,13.4499998093
2016-08-25,13.6300001144
2016-08-26,13.6499996185
2016-08-29,12.9399995804
2016-08-30,13.1199998856
2016-08-31,13.4200000763
2016-09-01,13.4799995422
2016-09-02,11.9799995422
2016-09-06,12.0200004578
2016-09-07,11.9399995804
2016-09-08,12.5100002289
2016-09-09,17.5
2016-09-12,15.1599998474
2016-09-13,17.8500003815
2016-09-14,18.1399993896
2016-09-15,16.2999992371
2016-09-16,15.3699998856
2016-09-19,15.529999733
2016-09-20,15.9200000763
2016-09-21,13.3000001907
2016-09-22,12.0200004578
2016-09-23,12.2899999619
2016-09-26,14.5
2016-09-27,13.1000003815
2016-09-28,12.3900003433
2016-09-29,14.0200004578
2016-09-30,13.2899999619
2016-10-03,13.5699996948
2016-10-04,13.6300001144
2016-10-05,12.9899997711
2016-10-06,12.8400001526
2016-10-07,13.4799995422
2016-10-10,13.3800001144
2016-10-11,15.3599996567
2016-10-12,15.9099998474
2016-10-13,16.6900005341
2016-10-14,16.1200008392
2016-10-17,16.2099990845
2016-10-18,15.279999733
2016-10-19,14.4099998474
2016-10-20,13.75
2016-10-21,13.3400001526
2016-10-24,13.0200004578
2016-10-25,13.4600000381
2016-10-26,14.2399997711
2016-10-27,15.3599996567
2016-10-28,16.1900005341
2016-10-31,17.0599994659
2016-11-01,18.5599994659
2016-11-02,19.3199996948
2016-11-03,22.0799999237
2016-11-04,22.5100002289
2016-11-07,18.7099990845
2016-11-08,18.7399997711
2016-11-09,14.3800001144
2016-11-10,14.7399997711
2016-11-11,14.1700000763
2016-11-14,14.4799995422
2016-11-15,13.3699998856
2016-11-16,13.720000267
2016-11-17,13.3500003815
2016-11-18,12.8500003815
2016-11-21,12.4200000763
2016-11-22,12.4099998474
2016-11-23,12.4300003052
2016-11-25,12.3400001526
2016-11-28,13.1499996185
2016-11-29,12.8999996185
2016-11-30,13.3299999237
2016-12-01,14.0699996948
2016-12-02,14.1199998856
2016-12-05,12.1400003433
2016-12-06,11.7899999619
2016-12-07,12.220000267
2016-12-08,12.6400003433
2016-12-09,11.75
2016-12-12,12.6400003433
2016-12-13,12.720000267
2016-12-14,13.1899995804
2016-12-15,12.7899999619
2016-12-16,12.1999998093
2016-12-19,11.7100000381
2016-12-20,11.4499998093
2016-12-21,11.2700004578
2016-12-22,11.4300003052
2016-12-23,11.4399995804
2016-12-27,11.9899997711
2016-12-28,12.9499998093
2016-12-29,13.3699998856
2016-12-30,14.0399999619
2017-01-03,12.8500003815
2017-01-04,11.8500003815
2017-01-05,11.6700000763
2017-01-06,11.3199996948
2017-01-09,11.5600004196
2017-01-10,11.4899997711
2017-01-11,11.2600002289
2017-01-12,11.5399999619
2017-01-13,11.2299995422
2017-01-17,11.8699998856
2017-01-18,12.4799995422
2017-01-19,12.779999733
2017-01-20,11.5399999619
2017-01-23,11.7700004578
2017-01-24,11.0699996948
2017-01-25,10.8100004196
2017-01-26,10.6300001144
2017-01-27,10.5799999237
2017-01-30,11.8800001144
2017-01-31,11.9899997711
2017-02-01,11.8100004196
2017-02-02,11.9300003052
2017-02-03,10.970000267
2017-02-06,11.3699998856
2017-02-07,11.2899999619
2017-02-08,11.4499998093
2017-02-09,10.8800001144
2017-02-10,10.8500003815
2017-02-13,11.0699996948
2017-02-14,10.7399997711
2017-02-15,11.970000267
2017-02-16,11.7600002289
2017-02-17,11.4899997711
2017-02-21,11.5699996948
2017-02-22,11.7399997711
2017-02-23,11.7100000381
2017-02-24,11.470000267
2017-02-27,12.0900001526
2017-02-28,12.9200000763
2017-03-01,12.5399999619
2017-03-02,11.8100004196
2017-03-03,10.9600000381
2017-03-06,11.2399997711
2017-03-07,11.4499998093
2017-03-08,11.8599996567
2017-03-09,12.3000001907
2017-03-10,11.6599998474
2017-03-13,11.3500003815
2017-03-14,12.3000001907
2017-03-15,11.6300001144
2017-03-16,11.2100000381
2017-03-17,11.279999733
2017-03-20,11.3400001526
2017-03-21,12.470000267
2017-03-22,12.8100004196
2017-03-23,13.1199998856
2017-03-24,12.9600000381
2017-03-27,12.5
2017-03-28,11.529999733
2017-03-29,11.4200000763
2017-03-30,11.5399999619
2017-03-31,12.3699998856
2017-04-03,12.3800001144
2017-04-04,11.7899999619
2017-04-05,12.8900003433
2017-04-06,12.3900003433
2017-04-07,12.8699998856
2017-04-10,14.0500001907
2017-04-11,15.0699996948
2017-04-12,15.7700004578
2017-04-13,15.9600000381
2017-04-17,14.6599998474
2017-04-18,14.4200000763
2017-04-19,14.9300003052
2017-04-20,14.1499996185
2017-04-21,14.6300001144
2017-04-24,10.8400001526
2017-04-25,10.7600002289
2017-04-26,10.8500003815
2017-04-27,10.3599996567
2017-04-28,10.8199996948
2017-05-01,10.1099996567
2017-05-02,10.5900001526
2017-05-03,10.6800003052
2017-05-04,10.4600000381
2017-05-05,10.5699996948
2017-05-08,9.7700004578
2017-05-09,9.9600000381
2017-05-10,10.2100000381
2017-05-11,10.6000003815
2017-05-12,10.3999996185
2017-05-15,10.4200000763
2017-05-16,10.6499996185
2017-05-17,15.5900001526
2017-05-18,14.6599998474
2017-05-19,12.0399999619
2017-05-22,10.9300003052
2017-05-23,10.720000267
2017-05-24,10.0200004578
2017-05-25,9.9899997711
2017-05-26,9.8100004196
2017-05-30,10.3800001144
2017-05-31,10.4099998474
2017-06-01,9.8900003433
2017-06-02,9.75
2017-06-05,10.0699996948
2017-06-06,10.4499998093
2017-06-07,10.3900003433
2017-06-08,10.1599998474
2017-06-09,10.6999998093
2017-06-12,11.4600000381
2017-06-13,10.4200000763
2017-06-14,10.6400003433
2017-06-15,10.8999996185
2017-06-16,10.3800001144
2017-06-19,10.3699998856
2017-06-20,10.8599996567
2017-06-21,10.75
2017-06-22,10.4799995422
2017-06-23,10.0200004578
2017-06-26,9.8999996185
2017-06-27,11.0600004196
2017-06-28,10.029999733
2017-06-29,11.4399995804
2017-06-30,11.1800003052
2017-07-03,11.220000267
2017-07-05,11.0699996948
2017-07-06,12.5399999619
2017-07-07,11.1899995804
2017-07-10,11.1099996567
2017-07-11,10.8900003433
2017-07-12,10.3000001907
2017-07-13,9.8999996185
2017-07-14,9.5100002289
2017-07-17,9.8199996948
2017-07-18,9.8900003433
2017-07-19,9.7899999619
2017-07-20,9.5799999237
2017-07-21,9.3599996567
2017-07-24,9.4300003052
2017-07-25,9.4300003052
2017-07-26,9.6000003815
2017-07-27,10.1099996567
2017-07-28,10.2899999619
2017-07-31,10.2600002289
2017-08-01,10.0900001526
2017-08-02,10.279999733
2017-08-03,10.4399995804
2017-08-04,10.029999733
2017-08-07,9.9300003052
2017-08-08,10.9600000381
2017-08-09,11.1099996567
2017-08-10,16.0400009155
2017-08-11,15.5100002289
2017-08-14,12.3299999237
2017-08-15,12.0399999619
2017-08-16,11.7399997711
2017-08-17,15.5500001907
2017-08-18,14.2600002289
2017-08-21,13.1899995804
2017-08-22,11.3500003815
2017-08-23,12.25
2017-08-24,12.2299995422
2017-08-25,11.279999733
2017-08-28,11.3199996948
2017-08-29,11.6999998093
2017-08-30,11.220000267
2017-08-31,10.5900001526
2017-09-01,10.1300001144
2017-09-05,12.2299995422
2017-09-06,11.6300001144
2017-09-07,11.5500001907
2017-09-08,12.1199998856
2017-09-11,10.7299995422
2017-09-12,10.5799999237
2017-09-13,10.5
2017-09-14,10.4399995804
2017-09-15,10.1700000763
2017-09-18,10.1499996185
2017-09-19,10.1800003052
2017-09-20,9.779999733
2017-09-21,9.6700000763
2017-09-22,9.5900001526
2017-09-25,10.2100000381
2017-09-26,10.1700000763
2017-09-27,9.8699998856
2017-09-28,9.5500001907
2017-09-29,9.5100002289
2017-10-02,9.4499998093
2017-10-03,9.5100002289
2017-10-04,9.6300001144
2017-10-05,9.1899995804
2017-10-06,9.6499996185
2017-10-09,10.3299999237
2017-10-10,10.0799999237
2017-10-11,9.8500003815
2017-10-12,9.9099998474
2017-10-13,9.6099996567
2017-10-16,9.9099998474
2017-10-17,10.3100004196
2017-10-18,10.0699996948
2017-10-19,10.0500001907
2017-10-20,9.970000267
2017-10-23,11.0699996948
2017-10-24,11.1599998474
2017-10-25,11.2299995422
2017-10-26,11.3000001907
2017-10-27,9.8000001907
2017-10-30,10.5
2017-10-31,10.1800003052
2017-11-01,10.1999998093
2017-11-02,9.9300003052
2017-11-03,9.1400003433
2017-11-06,9.3999996185
2017-11-07,9.8900003433
2017-11-08,9.779999733
2017-11-09,10.5
2017-11-10,11.2899999619
2017-11-13,11.5
2017-11-14,11.5900001526
2017-11-15,13.1300001144
2017-11-16,11.7600002289
2017-11-17,11.4300003052
2017-11-20,10.6499996185
2017-11-21,9.7299995422
2017-11-22,9.8800001144
2017-11-24,9.6700000763
2017-11-27,9.8699998856
2017-11-28,10.029999733
2017-11-29,10.6999998093
2017-11-30,11.279999733
2017-12-01,11.4300003052
2017-12-04,11.6800003052
2017-12-05,11.3299999237
2017-12-06,11.0200004578
2017-12-07,10.1599998474
2017-12-08,9.5799999237
2017-12-11,9.3400001526
2017-12-12,9.9200000763
2017-12-13,10.1800003052
2017-12-14,10.4899997711
2017-12-15,9.4200000763
2017-12-18,9.529999733
2017-12-19,10.029999733
2017-12-20,9.720000267
2017-12-21,9.6199998856
2017-12-22,9.8999996185
2017-12-26,10.25
2017-12-27,10.470000267
2017-12-28,10.1800003052
2017-12-29,11.0399999619
2018-01-02,9.7700004578
2018-01-03,9.1499996185
2018-01-04,9.220000267
2018-01-05,9.220000267
2018-01-08,9.5200004578
2018-01-09,10.0799999237
2018-01-10,9.8199996948
2018-01-11,9.8800001144
2018-01-12,10.1599998474
2018-01-16,11.6599998474
2018-01-17,11.9099998474
2018-01-18,12.220000267
2018-01-19,11.2700004578
2018-01-22,11.029999733
2018-01-23,11.1000003815
2018-01-24,11.470000267
2018-01-25,11.5799999237
2018-01-26,11.0799999237
2018-01-29,13.8400001526
2018-01-30,14.7899999619
2018-01-31,13.5399999619
2018-02-01,13.470000267
2018-02-02,17.3099994659
2018-02-05,37.3199996948
2018-02-06,29.9799995422
2018-02-07,27.7299995422
2018-02-08,33.4599990845
2018-02-09,29.0599994659
2018-02-12,25.6100006104
2018-02-13,24.9699993134
2018-02-14,19.2600002289
2018-02-15,19.1299991608
2018-02-16,19.4599990845
2018-02-20,20.6000003815
2018-02-21,20.0200004578
2018-02-22,18.7199993134
2018-02-23,16.4899997711
2018-02-26,15.8000001907
2018-02-27,18.5900001526
2018-02-28,19.8500003815
2018-03-01,22.4699993134
2018-03-02,19.5900001526
2018-03-05,18.7299995422
2018-03-06,18.3600006104
2018-03-07,17.7600002289
2018-03-08,16.5400009155
2018-03-09,14.6400003433
2018-03-12,15.779999733
2018-03-13,16.3500003815
2018-03-14,17.2299995422
2018-03-15,16.5900001526
2018-03-16,15.8000001907
2018-03-19,19.0200004578
2018-03-20,18.2000007629
2018-03-21,17.8600006104
2018-03-22,23.3400001526
2018-03-23,24.8700008392
2018-03-26,21.0300006866
2018-03-27,22.5
2018-03-28,22.8700008392
2018-03-29,19.9699993134
2018-04-02,23.6200008392
2018-04-03,21.1000003815
2018-04-04,20.0599994659
2018-04-05,18.9400005341
2018-04-06,21.4899997711
2018-04-09,21.7700004578
2018-04-10,20.4699993134
2018-04-11,20.2399997711
2018-04-12,18.4899997711
2018-04-13,17.4099998474
2018-04-16,16.5599994659
2018-04-17,15.25
2018-04-18,15.6000003815
2018-04-19,15.9600000381
2018-04-20,16.8799991608
2018-04-23,16.3400001526
2018-04-24,18.0200004578
2018-04-25,17.8400001526
2018-04-26,16.2399997711
2018-04-27,15.4099998474
2018-04-30,15.9300003052
2018-05-01,15.4899997711
2018-05-02,15.970000267
2018-05-03,15.8999996185
2018-05-04,14.7700004578
2018-05-07,14.75
2018-05-08,14.7100000381
2018-05-09,13.4200000763
2018-05-10,13.2299995422
2018-05-11,12.6499996185
2018-05-14,12.9300003052
2018-05-15,14.6300001144
2018-05-16,13.4200000763
2018-05-17,13.4300003052
2018-05-18,13.4200000763
2018-05-21,13.0799999237
2018-05-22,13.220000267
2018-05-23,12.5799999237
2018-05-24,12.529999733
2018-05-25,13.220000267
2018-05-29,17.0200004578
2018-05-30,14.9399995804
2018-05-31,15.4300003052
2018-06-01,13.4600000381
2018-06-04,12.7399997711
2018-06-05,12.3999996185
2018-06-06,11.6400003433
2018-06-07,12.1300001144
2018-06-08,12.1800003052
2018-06-11,12.3500003815
2018-06-12,12.3400001526
2018-06-13,12.9399995804
2018-06-14,12.1199998856
2018-06-15,11.9799995422
2018-06-18,12.3100004196
2018-06-19,13.3500003815
2018-06-20,12.7899999619
2018-06-21,14.6400003433
2018-06-22,13.7700004578
2018-06-25,17.3299999237
2018-06-26,15.9200000763
2018-06-27,17.9099998474
2018-06-28,16.8500003815
2018-06-29,16.0900001526
2018-07-02,15.6000003815
2018-07-03,16.1399993896
2018-07-05,14.970000267
2018-07-06,13.3699998856
2018-07-09,12.6899995804
2018-07-10,12.6400003433
2018-07-11,13.6300001144
2018-07-12,12.5799999237
2018-07-13,12.1800003052
2018-07-16,12.8299999237
2018-07-17,12.0600004196
2018-07-18,12.1000003815
2018-07-19,12.8699998856
2018-07-20,12.8599996567
2018-07-23,12.6199998856
2018-07-24,12.4099998474
2018-07-25,12.2899999619
2018-07-26,12.1400003433
2018-07-27,13.029999733
2018-07-30,14.2600002289
2018-07-31,12.8299999237
2018-08-01,13.1499996185
2018-08-02,12.1899995804
2018-08-03,11.6400003433
2018-08-06,11.2700004578
2018-08-07,10.9300003052
2018-08-08,10.8500003815
2018-08-09,11.2700004578
2018-08-10,13.1599998474
2018-08-13,14.779999733
2018-08-14,13.3100004196
2018-08-15,14.6400003433
2018-08-16,13.4499998093
2018-08-17,12.6400003433
2018-08-20,12.4899997711
2018-08-21,12.8599996567
2018-08-22,12.25
2018-08-23,12.4099998474
2018-08-24,11.9899997711
2018-08-27,12.1599998474
2018-08-28,12.5
2018-08-29,12.25
2018-08-30,13.529999733
2018-08-31,12.8599996567
2018-09-04,13.1599998474
2018-09-05,13.9099998474
2018-09-06,14.6499996185
2018-09-07,14.8800001144
2018-09-10,14.1599998474
2018-09-11,13.220000267
2018-09-12,13.1400003433
2018-09-13,12.3699998856
2018-09-14,12.0699996948
2018-09-17,13.6800003052
2018-09-18,12.7899999619
2018-09-19,11.75
2018-09-20,11.8000001907
2018-09-21,11.6800003052
2018-09-24,12.1999998093
2018-09-25,12.4200000763
2018-09-26,12.8900003433
2018-09-27,12.4099998474
2018-09-28,12.1199998856
2018-10-01,12.0
2018-10-02,12.0500001907
2018-10-03,11.6099996567
2018-10-04,14.220000267
2018-10-05,14.8199996948
2018-10-08,15.6899995804
2018-10-09,15.9499998093
2018-10-10,22.9599990845
2018-10-11,24.9799995422
2018-10-12,21.3099994659
2018-10-15,21.2999992371
2018-10-16,17.6200008392
2018-10-17,17.3999996185
2018-10-18,20.0599994659
2018-10-19,19.8899993896
2018-10-22,19.6399993896
2018-10-23,20.7099990845
2018-10-24,25.2299995422
2018-10-25,24.2199993134
2018-10-26,24.1599998474
2018-10-29,24.7000007629
2018-10-30,23.3500003815
2018-10-31,21.2299995422
2018-11-01,19.3400001526
2018-11-02,19.5100002289
2018-11-05,19.9599990845
2018-11-06,19.9099998474
2018-11-07,16.3600006104
2018-11-08,16.7199993134
2018-11-09,17.3600006104
2018-11-12,20.4500007629
2018-11-13,20.0200004578
2018-11-14,21.25
2018-11-15,19.9799995422
2018-11-16,18.1399993896
2018-11-19,20.1000003815
2018-11-20,22.4799995422
2018-11-21,20.7999992371
2018-11-23,21.5200004578
2018-11-26,18.8999996185
2018-11-27,19.0200004578
2018-11-28,18.4899997711
2018-11-29,18.7900009155
2018-11-30,18.0699996948
2018-12-03,16.4400005341
2018-12-04,20.7399997711
2018-12-06,21.1900005341
2018-12-07,23.2299995422
2018-12-10,22.6399993896
2018-12-11,21.7600002289
2018-12-12,21.4599990845
2018-12-13,20.6499996185
2018-12-14,21.6299991608
2018-12-17,24.5200004578
2018-12-18,25.5799999237
2018-12-19,25.5799999237
2018-12-20,28.3799991608
2018-12-21,30.1100006104
2018-12-24,36.0699996948
2018-12-26,30.4099998474
2018-12-27,29.9599990845
2018-12-28,28.3400001526
2018-12-31,25.4200000763
2019-01-02,23.2199993134
2019-01-03,25.4500007629
2019-01-04,21.3799991608
2019-01-07,21.3999996185
2019-01-08,20.4699993134
2019-01-09,19.9799995422
2019-01-10,19.5
2019-01-11,18.1900005341
2019-01-14,19.0699996948
2019-01-15,18.6000003815
2019-01-16,19.0400009155
2019-01-17,18.0599994659
2019-01-18,17.7999992371
2019-01-22,20.7999992371
2019-01-23,19.5200004578
2019-01-24,18.8899993896
2019-01-25,17.4200000763
2019-01-28,18.8700008392
2019-01-29,19.1299991608
2019-01-30,17.6599998474
2019-01-31,16.5699996948
2019-02-01,16.1399993896
2019-02-04,15.7299995422
2019-02-05,15.5699996948
2019-02-06,15.3800001144
2019-02-07,16.3700008392
2019-02-08,15.720000267
2019-02-11,15.970000267
2019-02-12,15.4300003052
2019-02-13,15.6499996185
2019-02-14,16.2199993134
2019-02-15,14.9099998474
2019-02-19,14.8800001144
2019-02-20,14.0200004578
2019-02-21,14.4600000381
2019-02-22,13.5100002289
2019-02-25,14.8500003815
2019-02-26,15.1700000763
2019-02-27,14.6999998093
2019-02-28,14.779999733
2019-03-01,13.5699996948
2019-03-04,14.6300001144
2019-03-05,14.7399997711
2019-03-06,15.7399997711
2019-03-07,16.5900001526
2019-03-08,16.0499992371
2019-03-11,14.3299999237
2019-03-12,13.7700004578
2019-03-13,13.4099998474
2019-03-14,13.5
2019-03-15,12.8800001144
2019-03-18,13.1000003815
2019-03-19,13.5600004196
2019-03-20,13.9099998474
2019-03-21,13.6300001144
2019-03-22,16.4799995422
2019-03-25,16.3299999237
2019-03-26,14.6800003052
2019-03-27,15.1499996185
2019-03-28,14.4300003052
2019-03-29,13.7100000381
2019-04-01,13.3999996185
2019-04-02,13.3599996567
2019-04-03,13.7399997711
2019-04-04,13.5799999237
2019-04-05,12.8199996948
2019-04-08,13.1800003052
2019-04-09,14.279999733
2019-04-10,13.3000001907
2019-04-11,13.0200004578
2019-04-12,12.0100002289
2019-04-15,12.3199996948
2019-04-16,12.1800003052
2019-04-17,12.6000003815
2019-04-18,12.0900001526
2019-04-22,12.4200000763
2019-04-23,12.279999733
2019-04-24,13.1400003433
2019-04-25,13.25
2019-04-26,12.7299995422
2019-04-29,13.1099996567
2019-04-30,13.1199998856
2019-05-01,14.8000001907
2019-05-02,14.4200000763
2019-05-03,12.8699998856
2019-05-06,15.4399995804
2019-05-07,19.3199996948
2019-05-08,19.3999996185
2019-05-09,19.1000003815
2019-05-10,16.0400009155
2019-05-13,20.5499992371
2019-05-14,18.0599994659
2019-05-15,16.4400005341
2019-05-16,15.2899999619
2019-05-17,15.9600000381
2019-05-20,16.3099994659
2019-05-21,14.9499998093
2019-05-22,14.75
2019-05-23,16.9200000763
2019-05-24,15.8500003815
2019-05-28,17.5
2019-05-29,17.8999996185
2019-05-30,17.2999992371
2019-05-31,18.7099990845
2019-06-03,18.8600006104
2019-06-04,16.9699993134
2019-06-05,16.0900001526
2019-06-06,15.9300003052
2019-06-07,16.2999992371
2019-06-10,15.9399995804
2019-06-11,15.9899997711
2019-06-12,15.9099998474
2019-06-13,15.8199996948
2019-06-14,15.279999733
2019-06-17,15.3500003815
2019-06-18,15.1499996185
2019-06-19,14.3299999237
2019-06-20,14.75
2019-06-21,15.3999996185
2019-06-24,15.2600002289
2019-06-25,16.2800006866
2019-06-26,16.2099990845
2019-06-27,15.8199996948
2019-06-28,15.0799999237
2019-07-01,14.0600004196
2019-07-02,12.9300003052
2019-07-03,12.5699996948
2019-07-05,13.279999733
2019-07-08,13.9600000381
2019-07-09,14.0900001526
2019-07-10,13.029999733
2019-07-11,12.9300003052
2019-07-12,12.3900003433
2019-07-15,12.6800003052
2019-07-16,12.8599996567
2019-07-17,13.970000267
2019-07-18,13.529999733
2019-07-19,14.4499998093
2019-07-22,13.529999733
2019-07-23,12.6099996567
2019-07-24,12.0699996948
2019-07-25,12.7399997711
2019-07-26,12.1599998474
2019-07-29,12.8299999237
2019-07-30,13.9399995804
2019-07-31,16.1200008392
2019-08-01,17.8700008392
2019-08-02,17.6100006104
2019-08-05,24.5900001526
2019-08-06,20.1700000763
2019-08-07,19.4899997711
2019-08-08,16.9099998474
2019-08-09,17.9699993134
2019-08-12,21.0900001526
2019-08-13,17.5200004578
2019-08-14,22.1000003815
2019-08-15,21.1800003052
2019-08-16,18.4699993134
2019-08-19,16.8799991608
2019-08-20,17.5
2019-08-21,15.8000001907
2019-08-22,16.6800003052
2019-08-23,19.8700008392
2019-08-26,19.3199996948
2019-08-27,20.3099994659
2019-08-28,19.3500003815
2019-08-29,17.8799991608
2019-08-30,18.9799995422
2019-09-03,19.6599998474
2019-09-04,17.3299999237
2019-09-05,16.2700004578
2019-09-06,15.0
2019-09-09,15.2700004578
2019-09-10,15.1999998093
2019-09-11,14.6099996567
2019-09-12,14.220000267
2019-09-13,13.7399997711
2019-09-16,14.6700000763
2019-09-17,14.4399995804
2019-09-18,13.9499998093
2019-09-19,14.0500001907
2019-09-20,15.3199996948
2019-09-23,14.9099998474
2019-09-24,17.0499992371
2019-09-25,15.9600000381
2019-09-26,16.0699996948
2019-09-27,17.2199993134
2019-09-30,16.2399997711
2019-10-01,18.5599994659
2019-10-02,20.5599994659
2019-10-03,19.1200008392
2019-10-04,17.0400009155
2019-10-07,17.8600006104
2019-10-08,20.2800006866
2019-10-09,18.6399993896
2019-10-10,17.5699996948
2019-10-11,15.5799999237
2019-10-14,14.5699996948
2019-10-15,13.5399999619
2019-10-16,13.6800003052
2019-10-17,13.7899999619
2019-10-18,14.25
2019-10-21,14.0
2019-10-22,14.4600000381
2019-10-23,14.0100002289
2019-10-24,13.7100000381
2019-10-25,12.6499996185
2019-10-28,13.1099996567
2019-10-29,13.1999998093
2019-10-30,12.3299999237
2019-10-31,13.220000267
2019-11-01,12.3000001907
2019-11-04,12.8299999237
2019-11-05,13.1000003815
2019-11-06,12.6199998856
2019-11-07,12.7299995422
2019-11-08,12.0699996948
2019-11-11,12.6899995804
2019-11-12,12.6800003052
2019-11-13,13.0
2019-11-14,13.0500001907
2019-11-15,12.0500001907
2019-11-18,12.4600000381
2019-11-19,12.8599996567
2019-11-20,12.779999733
2019-11-21,13.1300001144
2019-11-22,12.3400001526
2019-11-25,11.8699998856
2019-11-26,11.5399999619
2019-11-27,11.75
2019-11-29,12.6199998856
2019-12-02,14.9099998474
2019-12-03,15.9600000381
2019-12-04,14.8000001907
2019-12-05,14.5200004578
2019-12-06,13.6199998856
2019-12-09,15.8599996567
2019-12-10,15.6800003052
2019-12-11,14.9899997711
2019-12-12,13.9399995804
2019-12-13,12.6300001144
2019-12-16,12.1400003433
2019-12-17,12.2899999619
2019-12-18,12.5799999237
2019-12-19,12.5
2019-12-20,12.5100002289
2019-12-23,12.6099996567
2019-12-24,12.6700000763
2019-12-26,12.6499996185
2019-12-27,13.4300003052
2019-12-30,14.8199996948
2019-12-31,13.779999733
2020-01-02,12.470000267
2020-01-03,14.0200004578
2020-01-06,13.8500003815
2020-01-07,13.7899999619
2020-01-08,13.4499998093
2020-01-09,12.5399999619
2020-01-10,12.5600004196
2020-01-13,12.3199996948
2020-01-14,12.3900003433
2020-01-15,12.4200000763
2020-01-16,12.3199996948
2020-01-17,12.1000003815
2020-01-21,12.8500003815
2020-01-22,12.9099998474
2020-01-23,12.9799995422
2020-01-24,14.5600004196
2020-01-27,18.2299995422
2020-01-28,16.2800006866
2020-01-29,16.3899993896
2020-01-30,15.4899997711
2020-01-31,18.8400001526
2020-02-03,17.9699993134
2020-02-04,16.0499992371
2020-02-05,15.1499996185
2020-02-06,14.9600000381
2020-02-07,15.470000267
2020-02-10,15.0399999619
2020-02-11,15.1800003052
2020-02-12,13.7399997711
2020-02-13,14.1499996185
2020-02-14,13.6800003052
2020-02-18,14.8299999237
2020-02-19,14.3800001144
2020-02-20,15.5600004196
2020-02-21,17.0799999237
2020-02-24,25.0300006866
2020-02-25,27.8500003815
2020-02-26,27.5599994659
2020-02-27,39.1599998474
2020-02-28,40.1100006104
2020-03-02,33.4199981689
2020-03-03,36.8199996948
2020-03-04,31.9899997711
2020-03-05,39.6199989319
2020-03-06,41.9399986267
2020-03-09,54.4599990845
2020-03-10,47.2999992371
2020-03-11,53.9000015259
2020-03-12,75.4700012207
2020-03-13,57.8300018311
2020-03-16,82.6900024414
2020-03-17,75.9100036621
2020-03-18,76.4499969482
2020-03-19,72.0
2020-03-20,66.0400009155
2020-03-23,61.5900001526
2020-03-24,61.6699981689
2020-03-25,63.9500007629
2020-03-26,61.0
2020-03-27,65.5400009155
2020-03-30,57.0800018311
2020-03-31,53.5400009155
2020-04-01,57.0600013733
2020-04-02,50.9099998474
2020-04-03,46.7999992371
2020-04-06,45.2400016785
2020-04-07,46.7000007629
2020-04-08,43.3499984741
2020-04-09,41.6699981689
2020-04-13,41.1699981689
2020-04-14,37.7599983215
2020-04-15,40.8400001526
2020-04-16,40.1100006104
2020-04-17,38.1500015259
2020-04-20,43.8300018311
2020-04-21,45.4099998474
2020-04-22,41.9799995422
2020-04-23,41.3800010681
2020-04-24,35.9300003052
2020-04-27,33.2900009155
2020-04-28,33.5699996948
2020-04-29,31.2299995422
2020-04-30,34.1500015259
2020-05-01,37.1899986267
2020-05-04,35.9700012207
2020-05-05,33.6100006104
2020-05-06,34.1199989319
2020-05-07,31.4400005341
2020-05-08,27.9799995422
2020-05-11,27.5699996948
2020-05-12,33.0400009155
2020-05-13,35.2799987793
2020-05-14,32.6100006104
2020-05-15,31.8899993896
2020-05-18,29.2999992371
2020-05-19,30.5300006866
2020-05-20,27.9899997711
2020-05-21,29.5300006866
2020-05-22,28.1599998474
2020-05-26,28.0100002289
2020-05-27,27.6200008392
2020-05-28,28.5900001526
2020-05-29,27.5100002289
2020-06-01,28.2299995422
2020-06-02,26.8400001526
2020-06-03,25.6599998474
2020-06-04,25.8099994659
2020-06-05,24.5200004578
2020-06-08,25.8099994659
2020-06-09,27.5699996948
2020-06-10,27.5699996948
2020-06-11,40.7900009155
2020-06-12,36.0900001526
2020-06-15,34.4000015259
2020-06-16,33.6699981689
2020-06-17,33.4700012207
2020-06-18,32.9399986267
2020-06-19,35.1199989319
2020-06-22,31.7700004578
2020-06-23,31.3700008392
2020-06-24,33.8400001526
2020-06-25,32.2200012207
2020-06-26,34.7299995422
2020-06-29,31.7800006866
2020-06-30,30.4300003052
2020-07-01,28.6200008392
2020-07-02,27.6800003052
2020-07-06,27.9400005341
2020-07-07,29.4300003052
2020-07-08,28.0799999237
2020-07-09,29.2600002289
2020-07-10,27.2900009155
2020-07-13,32.1899986267
2020-07-14,29.5200004578
2020-07-15,27.7600002289
2020-07-16,28.0
2020-07-17,25.6800003052
2020-07-20,24.4599990845
2020-07-21,24.8400001526
2020-07-22,24.3199996948
2020-07-23,26.0799999237
2020-07-24,25.8400001526
2020-07-27,24.7399997711
2020-07-28,25.4400005341
2020-07-29,24.1000003815
2020-07-30,24.7600002289
2020-07-31,24.4599990845
2020-08-03,24.2800006866
2020-08-04,23.7600002289
2020-08-05,22.9899997711
2020-08-06,22.6499996185
2020-08-07,22.2099990845
2020-08-10,22.1299991608
2020-08-11,24.0300006866
2020-08-12,22.2800006866
2020-08-13,22.1299991608
2020-08-14,22.0499992371
2020-08-17,21.3500003815
2020-08-18,21.5100002289
2020-08-19,22.5400009155
2020-08-20,22.7199993134
2020-08-21,22.5400009155
2020-08-24,22.3700008392
2020-08-25,22.0300006866
2020-08-26,23.2700004578
2020-08-27,24.4699993134
2020-08-28,22.9599990845
2020-08-31,26.4099998474
2020-09-01,26.1200008392
2020-09-02,26.5699996948
2020-09-03,33.5999984741
2020-09-04,30.75
2020-09-08,31.4599990845
2020-09-09,28.8099994659
2020-09-10,29.7099990845
2020-09-11,26.8700008392
2020-09-14,25.8500003815
2020-09-15,25.5900001526
2020-09-16,26.0400009155
2020-09-17,26.4599990845
2020-09-18,25.8299999237
2020-09-21,27.7800006866
2020-09-22,26.8600006104
2020-09-23,28.5799999237
2020-09-24,28.5100002289
2020-09-25,26.3799991608
2020-09-28,26.1900005341
2020-09-29,26.2700004578
2020-09-30,26.3700008392
2020-10-01,26.7000007629
2020-10-02,27.6299991608
2020-10-05,27.9599990845
2020-10-06,29.4799995422
2020-10-07,28.0599994659
2020-10-08,26.3600006104
2020-10-09,25.0
2020-10-12,25.0699996948
2020-10-13,26.0699996948
2020-10-14,26.3999996185
2020-10-15,26.9699993134
2020-10-16,27.4099998474
2020-10-19,29.1800003052
2020-10-20,29.3500003815
2020-10-21,28.6499996185
2020-10-22,28.1100006104
2020-10-23,27.5499992371
2020-10-26,32.4599990845
2020-10-27,33.3499984741
2020-10-28,40.2799987793
2020-10-29,37.5900001526
2020-10-30,38.0200004578
2020-11-02,37.1300010681
2020-11-03,35.5499992371
2020-11-04,29.5699996948
2020-11-05,27.5799999237
2020-11-06,24.8600006104
2020-11-09,25.75
2020-11-10,24.7999992371
2020-11-11,23.4500007629
2020-11-12,25.3500003815
2020-11-13,23.1000003815
2020-11-16,22.4500007629
2020-11-17,22.7099990845
2020-11-18,23.8400001526
2020-11-19,23.1100006104
2020-11-20,23.7000007629
2020-11-23,22.6599998474
2020-11-24,21.6399993896
2020-11-25,21.25
2020-11-27,20.8400001526
2020-11-30,20.5699996948
2020-12-01,20.7700004578
2020-12-02,21.1700000763
2020-12-03,21.2800006866
2020-12-04,20.7900009155
2020-12-07,21.2999992371
2020-12-08,20.6800003052
2020-12-09,22.2700004578
2020-12-10,22.5200004578
2020-12-11,23.3099994659
2020-12-14,24.7199993134
2020-12-15,22.8899993896
2020-12-16,22.5
2020-12-17,21.9300003052
2020-12-18,21.5699996948
2020-12-21,25.1599998474
2020-12-22,24.2299995422
2020-12-23,23.3099994659
2020-12-24,21.5300006866
2020-12-28,21.7000007629
2020-12-29,23.0799999237
2020-12-30,22.7700004578
2020-12-31,22.75
2021-01-04,26.9699993134
2021-01-05,25.3400001526
2021-01-06,25.0699996948
2021-01-07,22.3700008392
2021-01-08,21.5599994659
2021-01-11,24.0799999237
2021-01-12,23.3299999237
2021-01-13,22.2099990845
2021-01-14,23.25
2021-01-15,24.3400001526
2021-01-19,23.2399997711
2021-01-20,21.5799999237
2021-01-21,21.3199996948
2021-01-22,21.9099998474
2021-01-25,23.1900005341
2021-01-26,23.0200004578
2021-01-27,37.2099990845
2021-01-28,30.2099990845
2021-01-29,33.0900001526
2021-02-01,30.2399997711
2021-02-02,25.5599994659
2021-02-03,22.9099998474
2021-02-04,21.7700004578
2021-02-05,20.8700008392
2021-02-08,21.2399997711
2021-02-09,21.6299991608
2021-02-10,21.9899997711
2021-02-11,21.25
2021-02-12,19.9699993134
2021-02-16,21.4599990845
2021-02-17,21.5
2021-02-18,22.4899997711
2021-02-19,22.0499992371
2021-02-22,23.4500007629
2021-02-23,23.1100006104
2021-02-24,21.3400001526
2021-02-25,28.8899993896
2021-02-26,27.9500007629
2021-03-01,23.3500003815
2021-03-02,24.1000003815
2021-03-03,26.6700000763
2021-03-04,28.5699996948
2021-03-05,24.6599998474
2021-03-08,25.4699993134
2021-03-09,24.0300006866
2021-03-10,22.5599994659
2021-03-11,21.9099998474
2021-03-12,20.6900005341
2021-03-15,20.0300006866
2021-03-16,19.7900009155
2021-03-17,19.2299995422
2021-03-18,21.5799999237
2021-03-19,20.9500007629
2021-03-22,18.8799991608
2021-03-23,20.2999992371
2021-03-24,21.2000007629
2021-03-25,19.8099994659
2021-03-26,18.8600006104
2021-03-29,20.7399997711
2021-03-30,19.6100006104
2021-03-31,19.3999996185
2021-04-01,17.3299999237
2021-04-05,17.9099998474
2021-04-06,18.1200008392
2021-04-07,17.1599998474
2021-04-08,16.9500007629
2021-04-09,16.6900005341
2021-04-12,16.9099998474
2021-04-13,16.6499996185
2021-04-14,16.9899997711
2021-04-15,16.5699996948
2021-04-16,16.25
2021-04-19,17.2900009155
2021-04-20,18.6800003052
2021-04-21,17.5
2021-04-22,18.7099990845
2021-04-23,17.3299999237
2021-04-26,17.6399993896
2021-04-27,17.5599994659
2021-04-28,17.2800006866
2021-04-29,17.6100006104
2021-04-30,18.6100006104
2021-05-03,18.3099994659
2021-05-04,19.4799995422
2021-05-05,19.1499996185
2021-05-06,18.3899993896
2021-05-07,16.6900005341
2021-05-10,19.6599998474
2021-05-11,21.8400001526
2021-05-12,27.5900001526
2021-05-13,23.1299991608
2021-05-14,18.8099994659
2021-05-17,19.7199993134
2021-05-18,21.3400001526
2021-05-19,22.1800003052
2021-05-20,20.6700000763
2021-05-21,20.1499996185
2021-05-24,18.3999996185
2021-05-25,18.8400001526
2021-05-26,17.3600006104
2021-05-27,16.7399997711
2021-05-28,16.7600002289
2021-06-01,17.8999996185
2021-06-02,17.4799995422
2021-06-03,18.0400009155
2021-06-04,16.4200000763
2021-06-07,16.4200000763
2021-06-08,17.0699996948
2021-06-09,17.8899993896
2021-06-10,16.1000003815
2021-06-11,15.6499996185
2021-06-14,16.3899993896
2021-06-15,17.0200004578
2021-06-16,18.1499996185
2021-06-17,17.75
2021-06-18,20.7000007629
2021-06-21,17.8899993896
2021-06-22,16.6599998474
2021-06-23,16.3199996948
2021-06-24,15.970000267
2021-06-25,15.6199998856
2021-06-28,15.7600002289
2021-06-29,16.0200004578
2021-06-30,15.8299999237
2021-07-01,15.4799995422
2021-07-02,15.0699996948
2021-07-06,16.4400005341
2021-07-07,16.2000007629
2021-07-08,19.0
2021-07-09,16.1800003052
2021-07-12,16.1700000763
2021-07-13,17.1200008392
2021-07-14,16.3299999237
2021-07-15,17.0100002289
2021-07-16,18.4500007629
2021-07-19,22.5
2021-07-20,19.7299995422
2021-07-21,17.9099998474
2021-07-22,17.6900005341
2021-07-23,17.2000007629
2021-07-26,17.5799999237
2021-07-27,19.3600006104
2021-07-28,18.3099994659
2021-07-29,17.7000007629
2021-07-30,18.2399997711
2021-08-02,19.4599990845
2021-08-03,18.0400009155
2021-08-04,17.9699993134
2021-08-05,17.2800006866
2021-08-06,16.1499996185
2021-08-09,16.7199993134
2021-08-10,16.7900009155
2021-08-11,16.1700000763
2021-08-12,15.5900001526
2021-08-13,15.4499998093
2021-08-16,16.1200008392
2021-08-17,17.9099998474
2021-08-18,21.5699996948
2021-08-19,21.6700000763
2021-08-20,18.5599994659
2021-08-23,17.1499996185
2021-08-24,17.2199993134
2021-08-25,16.7900009155
2021-08-26,18.8400001526
2021-08-27,16.3899993896
2021-08-30,16.1900005341
2021-08-31,16.4799995422
2021-09-01,16.1100006104
2021-09-02,16.4099998474
2021-09-03,16.4099998474
2021-09-07,18.1399993896
2021-09-08,17.9599990845
2021-09-09,18.7999992371
2021-09-10,20.9500007629
2021-09-13,19.3700008392
2021-09-14,19.4599990845
2021-09-15,18.1800003052
2021-09-16,18.6900005341
2021-09-17,20.8099994659
2021-09-20,25.7099990845
2021-09-21,24.3600006104
2021-09-22,20.8700008392
2021-09-23,18.6299991608
2021-09-24,17.75
2021-09-27,18.7600002289
2021-09-28,23.25
2021-09-29,22.5599994659
2021-09-30,23.1399993896
2021-10-01,21.1000003815
2021-10-04,22.9599990845
2021-10-05,21.2999992371
2021-10-06,21.0
2021-10-07,19.5400009155
2021-10-08,18.7700004578
2021-10-11,20.0
2021-10-12,19.8500003815
2021-10-13,18.6399993896
2021-10-14,16.8600006104
2021-10-15,16.2999992371
2021-10-18,16.3099994659
2021-10-19,15.6999998093
2021-10-20,15.4899997711
2021-10-21,15.0100002289
2021-10-22,15.4300003052
2021-10-25,15.2399997711
2021-10-26,15.9799995422
2021-10-27,16.9799995422
2021-10-28,16.5300006866
2021-10-29,16.2600002289
2021-11-01,16.4099998474
2021-11-02,16.0300006866
2021-11-03,15.1000003815
2021-11-04,15.4399995804
2021-11-05,16.4799995422
2021-11-08,17.2199993134
2021-11-09,17.7800006866
2021-11-10,18.7299995422
2021-11-11,17.6599998474
2021-11-12,16.2900009155
2021-11-15,16.4899997711
2021-11-16,16.3700008392
2021-11-17,17.1100006104
2021-11-18,17.5900001526
2021-11-19,17.9099998474
2021-11-22,19.1700000763
2021-11-23,19.3799991608
2021-11-24,18.5799999237
2021-11-26,28.6200008392
2021-11-29,22.9599990845
2021-11-30,27.1900005341
2021-12-01,31.1200008392
2021-12-02,27.9500007629
2021-12-03,30.6700000763
2021-12-06,27.1800003052
2021-12-07,21.8899993896
2021-12-08,19.8999996185
2021-12-09,21.5799999237
2021-12-10,18.6900005341
2021-12-13,20.3099994659
2021-12-14,21.8899993896
2021-12-15,19.2900009155
2021-12-16,20.5699996948
2021-12-17,21.5699996948
2021-12-20,22.8700008392
2021-12-21,21.0100002289
2021-12-22,18.6299991608
2021-12-23,17.9599990845
2021-12-27,17.6800003052
2021-12-28,17.5400009155
2021-12-29,16.9500007629
2021-12-30,17.3299999237
2021-12-31,17.2199993134
2022-01-03,16.6000003815
2022-01-04,16.9099998474
2022-01-05,19.7299995422
2022-01-06,19.6100006104
2022-01-07,18.7600002289
2022-01-10,19.3999996185
2022-01-11,18.4099998474
2022-01-12,17.6200008392
2022-01-13,20.3099994659
2022-01-14,19.1900005341
2022-01-18,22.7900009155
2022-01-19,23.8500003815
2022-01-20,25.5900001526
2022-01-21,28.8500003815
2022-01-24,29.8999996185
2022-01-25,31.1599998474
2022-01-26,31.9599990845
2022-01-27,30.4899997711
2022-01-28,27.6599998474
2022-01-31,24.8299999237
2022-02-01,21.9599990845
2022-02-02,22.0900001526
2022-02-03,24.3500003815
2022-02-04,23.2199993134
2022-02-07,22.8600006104
2022-02-08,21.4400005341
2022-02-09,19.9599990845
2022-02-10,23.9099998474
2022-02-11,27.3600006104
2022-02-14,28.3299999237
2022-02-15,25.7000007629
2022-02-16,24.2900009155
2022-02-17,28.1100006104
2022-02-18,27.75
2022-02-22,28.8099994659
2022-02-23,31.0200004578
2022-02-24,30.3199996948
2022-02-25,27.5900001526
2022-02-28,30.1499996185
2022-03-01,33.3199996948
2022-03-02,30.7399997711
2022-03-03,30.4799995422
2022-03-04,31.9799995422
2022-03-07,36.4500007629
2022-03-08,35.1300010681
2022-03-09,32.4500007629
2022-03-10,30.2299995422
2022-03-11,30.75
2022-03-14,31.7700004578
2022-03-15,29.8299999237
2022-03-16,26.6700000763
2022-03-17,25.6700000763
2022-03-18,23.8700008392
2022-03-21,23.5300006866
2022-03-22,22.9400005341
2022-03-23,23.5699996948
2022-03-24,21.6700000763
2022-03-25,20.8099994659
2022-03-28,19.6299991608
2022-03-29,18.8999996185
2022-03-30,19.3299999237
2022-03-31,20.5599994659
2022-04-01,19.6299991608
2022-04-04,18.5699996948
2022-04-05,21.0300006866
2022-04-06,22.1000003815
2022-04-07,21.5499992371
2022-04-08,21.1599998474
2022-04-11,24.3700008392
2022-04-12,24.2600002289
2022-04-13,21.8199996948
2022-04-14,22.7000007629
2022-04-18,22.1700000763
2022-04-19,21.3700008392
2022-04-20,20.3199996948
2022-04-21,22.6800003052
2022-04-22,28.2099990845
2022-04-25,27.0200004578
2022-04-26,33.5200004578
2022-04-27,31.6000003815
2022-04-28,29.9899997711
2022-04-29,33.4000015259
2022-05-02,32.3400001526
2022-05-03,29.25
2022-05-04,25.4200000763
2022-05-05,31.2000007629
2022-05-06,30.1900005341
2022-05-09,34.75
2022-05-10,32.9900016785
2022-05-11,32.5600013733
2022-05-12,31.7700004578
2022-05-13,28.8700008392
2022-05-16,27.4699993134
2022-05-17,26.1000003815
2022-05-18,30.9599990845
2022-05-19,29.3500003815
2022-05-20,29.4300003052
2022-05-23,28.4799995422
2022-05-24,29.4500007629
2022-05-25,28.3700008392
2022-05-26,27.5
2022-05-27,25.7199993134
2022-05-31,26.1900005341
2022-06-01,25.6900005341
2022-06-02,24.7199993134
2022-06-03,24.7900009155
2022-06-06,25.0699996948
2022-06-07,24.0200004578
2022-06-08,23.9599990845
2022-06-09,26.0900001526
2022-06-10,27.75
2022-06-13,34.0200004578
2022-06-14,32.6899986267
2022-06-15,29.6200008392
2022-06-16,32.9500007629
2022-06-17,31.1299991608
2022-06-21,30.1900005341
2022-06-22,28.9500007629
2022-06-23,29.0499992371
2022-06-24,27.2299995422
2022-06-27,26.9500007629
2022-06-28,28.3600006104
2022-06-29,28.1599998474
2022-06-30,28.7099990845
2022-07-01,26.7000007629
2022-07-05,27.5400009155
2022-07-06,26.7299995422
2022-07-07,26.0799999237
2022-07-08,24.6399993896
2022-07-11,26.1700000763
2022-07-12,27.2900009155
2022-07-13,26.8199996948
2022-07-14,26.3999996185
2022-07-15,24.2299995422
2022-07-18,25.2999992371
2022-07-19,24.5
2022-07-20,23.8799991608
2022-07-21,23.1100006104
2022-07-22,23.0300006866
2022-07-25,23.3600006104
2022-07-26,24.6900005341
2022-07-27,23.2399997711
2022-07-28,22.3299999237
2022-07-29,21.3299999237
2022-08-01,22.8400001526
2022-08-02,23.9300003052
2022-08-03,21.9500007629
2022-08-04,21.4400005341
2022-08-05,21.1499996185
2022-08-08,21.2900009155
2022-08-09,21.7700004578
2022-08-10,19.7399997711
2022-08-11,20.2000007629
2022-08-12,19.5300006866
2022-08-15,19.9500007629
2022-08-16,19.6900005341
2022-08-17,19.8999996185
2022-08-18,19.5599994659
2022-08-19,20.6000003815
2022-08-22,23.7999992371
2022-08-23,24.1100006104
2022-08-24,22.8199996948
2022-08-25,21.7800006866
2022-08-26,25.5599994659
2022-08-29,26.2099990845
2022-08-30,26.2099990845
2022-08-31,25.8700008392
2022-09-01,25.5599994659
2022-09-02,25.4699993134
2022-09-06,26.9099998474
2022-09-07,24.6399993896
2022-09-08,23.6100006104
2022-09-09,22.7900009155
2022-09-12,23.8700008392
2022-09-13,27.2700004578
2022-09-14,26.1599998474
2022-09-15,26.2700004578
2022-09-16,26.2999992371
2022-09-19,25.7600002289
2022-09-20,27.1599998474
2022-09-21,27.9899997711
2022-09-22,27.3500003815
2022-09-23,29.9200000763
2022-09-26,32.2599983215
2022-09-27,32.5999984741
2022-09-28,30.1800003052
2022-09-29,31.8400001526
2022-09-30,31.6200008392
2022-10-03,30.1000003815
2022-10-04,29.0699996948
2022-10-05,28.5499992371
2022-10-06,30.5200004578
2022-10-07,31.3600006104
2022-10-10,32.4500007629
2022-10-11,33.6300010681
2022-10-12,33.5699996948
2022-10-13,31.9400005341
2022-10-14,32.0200004578
2022-10-17,31.3700008392
2022-10-18,30.5
2022-10-19,30.7600002289
2022-10-20,29.9799995422
2022-10-21,29.6900005341
2022-10-24,29.8500003815
2022-10-25,28.4599990845
2022-10-26,27.2800006866
2022-10-27,27.3899993896
2022-10-28,25.75
2022-10-31,25.8799991608
2022-11-01,25.8099994659
2022-11-02,25.8600006104
2022-11-03,25.2999992371
2022-11-04,24.5499992371
2022-11-07,24.3500003815
2022-11-08,25.5400009155
2022-11-09,26.0900001526
2022-11-10,23.5300006866
2022-11-11,22.5200004578
2022-11-14,23.7299995422
2022-11-15,24.5400009155
2022-11-16,24.1100006104
2022-11-17,23.9300003052
2022-11-18,23.1200008392
2022-11-21,22.3600006104
2022-11-22,21.2900009155
2022-11-23,20.3500003815
2022-11-25,20.5
2022-11-28,22.2099990845
2022-11-29,21.8899993896
2022-11-30,20.5799999237
2022-12-01,19.8400001526
2022-12-02,19.0599994659
2022-12-05,20.75
2022-12-06,22.1700000763
2022-12-07,22.6800003052
2022-12-08,22.2900009155
2022-12-09,22.8299999237
2022-12-12,25.0
2022-12-13,22.5499992371
2022-12-14,21.1399993896
2022-12-15,22.8299999237
2022-12-16,22.6200008392
2022-12-19,22.4200000763
2022-12-20,21.4799995422
2022-12-21,20.0699996948
2022-12-22,21.9699993134
2022-12-23,20.8700008392
2022-12-27,21.6499996185
2022-12-28,22.1399993896
2022-12-29,21.4400005341
2022-12-30,21.6700000763
2023-01-03,22.8999996185
2023-01-04,22.0100002289
2023-01-05,22.4599990845
2023-01-06,21.1299991608
2023-01-09,21.9699993134
2023-01-10,20.5799999237
2023-01-11,21.0900001526
2023-01-12,18.8299999237
2023-01-13,18.3500003815
2023-01-17,19.3600006104
2023-01-18,20.3400001526
2023-01-19,20.5200004578
2023-01-20,19.8500003815
2023-01-23,19.8099994659
2023-01-24,19.2000007629
2023-01-25,19.0799999237
2023-01-26,18.7299995422
2023-01-27,18.5100002289
2023-01-30,19.9400005341
2023-01-31,19.3999996185
2023-02-01,17.8700008392
2023-02-02,18.7299995422
2023-02-03,18.3299999237
2023-02-06,19.4300003052
2023-02-07,18.6599998474
2023-02-08,19.6299991608
2023-02-09,20.7099990845
2023-02-10,20.5300006866
2023-02-13,20.3400001526
2023-02-14,18.9099998474
2023-02-15,18.2299995422
2023-02-16,20.1700000763
2023-02-17,20.0200004578
2023-02-21,22.8700008392
2023-02-22,22.2900009155
2023-02-23,21.1399993896
2023-02-24,21.6700000763
2023-02-27,20.9500007629
2023-02-28,20.7000007629
2023-03-01,20.5799999237
2023-03-02,19.5900001526
2023-03-03,18.4899997711
2023-03-06,18.6100006104
2023-03-07,19.5900001526
2023-03-08,19.1100006104
2023-03-09,22.6100006104
2023-03-10,24.7999992371
2023-03-13,26.5200004578
2023-03-14,23.7299995422
2023-03-15,26.1399993896
2023-03-16,22.9899997711
2023-03-17,25.5100002289
2023-03-20,24.1499996185
2023-03-21,21.3799991608
2023-03-22,22.2600002289
2023-03-23,22.6100006104
2023-03-24,21.7399997711
2023-03-27,20.6000003815
2023-03-28,19.9699993134
2023-03-29,19.1200008392
2023-03-30,19.0200004578
2023-03-31,18.7000007629
2023-04-03,18.5499992371
2023-04-04,19.0
2023-04-05,19.0799999237
2023-04-06,18.3999996185
2023-04-10,18.9699993134
2023-04-11,19.1000003815
2023-04-12,19.0900001526
2023-04-13,17.7999992371
2023-04-14,17.0699996948
2023-04-17,16.9500007629
2023-04-18,16.8299999237
2023-04-19,16.4599990845
2023-04-20,17.1700000763
2023-04-21,16.7700004578
2023-04-24,16.8899993896
2023-04-25,18.7600002289
2023-04-26,18.8400001526
2023-04-27,17.0300006866
2023-04-28,15.779999733
2023-05-01,16.0799999237
2023-05-02,17.7800006866
2023-05-03,18.3400001526
2023-05-04,20.0900001526
2023-05-05,17.1900005341
2023-05-08,16.9799995422
2023-05-09,17.7099990845
2023-05-10,16.9400005341
2023-05-11,16.9300003052
2023-05-12,17.0300006866
2023-05-15,17.1200008392
2023-05-16,17.9899997711
2023-05-17,16.8700008392
2023-05-18,16.0499992371
2023-05-19,16.8099994659
2023-05-22,17.2099990845
2023-05-23,18.5300006866
2023-05-24,20.0300006866
2023-05-25,19.1399993896
2023-05-26,17.9500007629
2023-05-30,17.4599990845
2023-05-31,17.9400005341
2023-06-01,15.6499996185
2023-06-02,14.6000003815
2023-06-05,14.7299995422
2023-06-06,13.9600000381
2023-06-07,13.9399995804
2023-06-08,13.6499996185
2023-06-09,13.8299999237
2023-06-12,15.0100002289
2023-06-13,14.6099996567
2023-06-14,13.8800001144
2023-06-15,14.5
2023-06-16,13.5399999619
2023-06-20,13.8800001144
2023-06-21,13.1999998093
2023-06-22,12.9099998474
2023-06-23,13.4399995804
2023-06-26,14.25
2023-06-27,13.7399997711
2023-06-28,13.4300003052
2023-06-29,13.5399999619
2023-06-30,13.5900001526
2023-07-03,13.5699996948
2023-07-05,14.1800003052
2023-07-06,15.4399995804
2023-07-07,14.8299999237
2023-07-10,15.0699996948
2023-07-11,14.8400001526
2023-07-12,13.5399999619
2023-07-13,13.6099996567
2023-07-14,13.3400001526
2023-07-17,13.4799995422
2023-07-18,13.3000001907
2023-07-19,13.7600002289
2023-07-20,13.9899997711
2023-07-21,13.6000003815
2023-07-24,13.9099998474
2023-07-25,13.8599996567
2023-07-26,13.1899995804
2023-07-27,14.4099998474
2023-07-28,13.3299999237
2023-07-31,13.6300001144
2023-08-01,13.9300003052
2023-08-02,16.0900001526
2023-08-03,15.9200000763
2023-08-04,17.1000003815
2023-08-07,15.7700004578
2023-08-08,15.9899997711
2023-08-09,15.9600000381
2023-08-10,15.8500003815
2023-08-11,14.8400001526
2023-08-14,14.8199996948
2023-08-15,16.4599990845
2023-08-16,16.7800006866
2023-08-17,17.8899993896
2023-08-18,17.2999992371
2023-08-21,17.1299991608
2023-08-22,16.9699993134
2023-08-23,15.9799995422
2023-08-24,17.2000007629
2023-08-25,15.6800003052
2023-08-28,15.0799999237
2023-08-29,14.4499998093
2023-08-30,13.8800001144
2023-08-31,13.5699996948
2023-09-01,13.0900001526
2023-09-05,14.0100002289
2023-09-06,14.4499998093
2023-09-07,14.3999996185
2023-09-08,13.8400001526
2023-09-11,13.8000001907
2023-09-12,14.2299995422
2023-09-13,13.4799995422
2023-09-14,12.8199996948
2023-09-15,13.7899999619
2023-09-18,14.0
2023-09-19,14.1099996567
2023-09-20,15.1400003433
2023-09-21,17.5400009155
2023-09-22,17.2000007629
2023-09-25,16.8999996185
2023-09-26,18.9400005341
2023-09-27,18.2199993134
2023-09-28,17.3400001526
2023-09-29,17.5200004578
2023-10-02,17.6100006104
2023-10-03,19.7800006866
2023-10-04,18.5799999237
2023-10-05,18.4899997711
2023-10-06,17.4500007629
2023-10-09,17.7000007629
2023-10-10,17.0300006866
2023-10-11,16.0900001526
2023-10-12,16.6900005341
2023-10-13,19.3199996948
2023-10-16,17.2099990845
2023-10-17,17.8799991608
2023-10-18,19.2199993134
2023-10-19,21.3999996185
2023-10-20,21.7099990845
2023-10-23,20.3700008392
2023-10-24,18.9699993134
2023-10-25,20.1900005341
2023-10-26,20.6800003052
2023-10-27,21.2700004578
2023-10-30,19.75
2023-10-31,18.1399993896
2023-11-01,16.8700008392
2023-11-02,15.6599998474
2023-11-03,14.9099998474
2023-11-06,14.8900003433
2023-11-07,14.8100004196
2023-11-08,14.4499998093
2023-11-09,15.2899999619
2023-11-10,14.1700000763
2023-11-13,14.7600002289
2023-11-14,14.1599998474
2023-11-15,14.1800003052
2023-11-16,14.3199996948
2023-11-17,13.8000001907
2023-11-20,13.4099998474
2023-11-21,13.3500003815
2023-11-22,12.8500003815
2023-11-24,12.4600000381
2023-11-27,12.6899995804
2023-11-28,12.6899995804
2023-11-29,12.9799995422
2023-11-30,12.9200000763
2023-12-01,12.6300001144
2023-12-04,13.0799999237
2023-12-05,12.8500003815
2023-12-06,12.970000267
2023-12-07,13.0600004196
2023-12-08,12.3500003815
2023-12-11,12.6300001144
2023-12-12,12.0699996948
2023-12-13,12.1899995804
2023-12-14,12.4799995422
2023-12-15,12.279999733
2023-12-18,12.5600004196
2023-12-19,12.529999733
2023-12-20,13.6700000763
2023-12-21,13.6499996185
2023-12-22,13.029999733
2023-12-26,12.9899997711
2023-12-27,12.4300003052
2023-12-28,12.470000267
2023-12-29,12.4499998093
2024-01-02,13.1999998093
2024-01-03,14.0399999619
2024-01-04,14.1300001144
2024-01-05,13.3500003815
2024-01-08,13.0799999237
2024-01-09,12.7600002289
2024-01-10,12.6899995804
2024-01-11,12.4399995804
2024-01-12,12.6999998093
2024-01-16,13.8400001526
2024-01-17,14.7899999619
2024-01-18,14.1300001144
2024-01-19,13.3000001907
2024-01-22,13.1899995804
2024-01-23,12.5500001907
2024-01-24,13.1400003433
2024-01-25,13.4499998093
2024-01-26,13.2600002289
2024-01-29,13.6000003815
2024-01-30,13.3100004196
2024-01-31,14.3500003815
2024-02-01,13.8800001144
2024-02-02,13.8500003815
2024-02-05,13.6700000763
2024-02-06,13.0600004196
2024-02-07,12.8299999237
2024-02-08,12.7899999619
2024-02-09,12.9300003052
2024-02-12,13.9300003052
2024-02-13,15.8500003815
2024-02-14,14.3800001144
2024-02-15,14.0100002289
2024-02-16,14.2399997711
2024-02-20,15.4200000763
2024-02-21,15.3400001526
2024-02-22,14.5399999619
2024-02-23,13.75
2024-02-26,13.7399997711
2024-02-27,13.4300003052
2024-02-28,13.8400001526
2024-02-29,13.3999996185
2024-03-01,13.1099996567
2024-03-04,13.4899997711
2024-03-05,14.4600000381
2024-03-06,14.5
2024-03-07,14.4399995804
2024-03-08,14.7399997711
2024-03-11,15.220000267
2024-03-12,13.8400001526
2024-03-13,13.75
2024-03-14,14.3999996185
2024-03-15,14.4099998474
2024-03-18,14.3299999237
2024-03-19,13.8199996948
2024-03-20,13.0399999619
2024-03-21,12.9200000763
2024-03-22,13.0600004196
2024-03-25,13.1899995804
2024-03-26,13.2399997711
2024-03-27,12.779999733
2024-03-28,13.0100002289
2024-04-01,13.6499996185
2024-04-02,14.6099996567
2024-04-03,14.3299999237
2024-04-04,16.3500003815
2024-04-05,16.0300006866
2024-04-08,15.1899995804
2024-04-09,14.9799995422
2024-04-10,15.8000001907
2024-04-11,14.9099998474
2024-04-12,17.3099994659
2024-04-15,19.2299995422
2024-04-16,18.3999996185
2024-04-17,18.2099990845
2024-04-18,18.0
2024-04-19,18.7099990845
2024-04-22,16.9400005341
2024-04-23,15.6899995804
2024-04-24,15.970000267
2024-04-25,15.3699998856
2024-04-26,15.029999733
2024-04-29,14.6700000763
2024-04-30,15.6499996185
2024-05-01,15.3900003433
2024-05-02,14.6800003052
2024-05-03,13.4899997711
2024-05-06,13.4899997711
2024-05-07,13.2299995422
2024-05-08,13.0
2024-05-09,12.6899995804
2024-05-10,12.5500001907
2024-05-13,13.6000003815
2024-05-14,13.4200000763
2024-05-15,12.4499998093
2024-05-16,12.4200000763
2024-05-17,11.9899997711
2024-05-20,12.1499996185
2024-05-21,11.8599996567
2024-05-22,12.2899999619
2024-05-23,12.7700004578
2024-05-24,11.9300003052
2024-05-28,12.9200000763
2024-05-29,14.279999733
2024-05-30,14.470000267
2024-05-31,12.9200000763
2024-06-03,13.1099996567
2024-06-04,13.1599998474
2024-06-05,12.6300001144
2024-06-06,12.5799999237
2024-06-07,12.220000267
2024-06-10,12.7399997711
2024-06-11,12.8500003815
2024-06-12,12.0399999619
2024-06-13,11.9399995804
2024-06-14,12.6599998474
2024-06-17,12.75
2024-06-18,12.3000001907
2024-06-20,13.279999733
2024-06-21,13.1999998093
2024-06-24,13.3299999237
2024-06-25,12.8400001526
2024-06-26,12.5500001907
2024-06-27,12.2399997711
2024-06-28,12.4399995804
2024-07-01,12.220000267
2024-07-02,12.029999733
2024-07-03,12.0900001526
2024-07-05,12.4799995422
2024-07-08,12.3699998856
2024-07-09,12.5100002289
2024-07-10,12.8500003815
2024-07-11,12.9200000763
2024-07-12,12.4600000381
2024-07-15,13.1199998856
2024-07-16,13.1899995804
2024-07-17,14.4799995422
2024-07-18,15.9300003052
2024-07-19,16.5200004578
2024-07-22,14.9099998474
2024-07-23,14.720000267
2024-07-24,18.0400009155
2024-07-25,18.4599990845
2024-07-26,16.3899993896
2024-07-29,16.6000003815
2024-07-30,17.6900005341
2024-07-31,16.3600006104
2024-08-01,18.5900001526
2024-08-02,23.3899993896
2024-08-05,38.5699996948
2024-08-06,27.7099990845
2024-08-07,27.8500003815
2024-08-08,23.7900009155
2024-08-09,20.3700008392
2024-08-12,20.7099990845
2024-08-13,18.1200008392
2024-08-14,16.1900005341
2024-08-15,15.2299995422
2024-08-16,14.8000001907
2024-08-19,14.6499996185
2024-08-20,15.8800001144
2024-08-21,16.2700004578
2024-08-22,17.5499992371
2024-08-23,15.8599996567
2024-08-26,16.1499996185
2024-08-27,15.4300003052
2024-08-28,17.1100006104
2024-08-29,15.6499996185
2024-08-30,15.0
2024-09-03,20.7199993134
2024-09-04,21.3199996948
2024-09-05,19.8999996185
2024-09-06,22.3799991608
2024-09-09,19.4500007629
2024-09-10,19.0799999237
2024-09-11,17.6900005341
2024-09-12,17.0699996948
2024-09-13,16.5599994659
2024-09-16,17.1399993896
2024-09-17,17.6100006104
2024-09-18,18.2299995422
2024-09-19,16.3299999237
2024-09-20,16.1499996185
2024-09-23,15.8900003433
2024-09-24,15.3900003433
2024-09-25,15.4099998474
2024-09-26,15.3699998856
2024-09-27,16.9599990845
2024-09-30,16.7299995422
2024-10-01,19.2600002289
2024-10-02,18.8999996185
2024-10-03,20.4899997711
2024-10-04,19.2099990845
2024-10-07,22.6399993896
2024-10-08,21.4200000763
2024-10-09,20.8600006104
2024-10-10,20.9300003052
2024-10-11,20.4599990845
2024-10-14,19.7000007629
2024-10-15,20.6399993896
2024-10-16,19.5799999237
2024-10-17,19.1100006104
2024-10-18,18.0300006866
2024-10-21,18.3700008392
2024-10-22,18.2000007629
2024-10-23,19.2399997711
2024-10-24,19.0799999237
2024-10-25,20.3299999237
2024-10-28,19.7999992371
2024-10-29,19.3400001526
2024-10-30,20.3500003815
2024-10-31,23.1599998474
2024-11-01,21.8799991608
2024-11-04,21.9799995422
2024-11-05,20.4899997711
2024-11-06,16.2700004578
2024-11-07,15.1999998093
2024-11-08,14.9399995804
2024-11-11,14.970000267
2024-11-12,14.7100000381
2024-11-13,14.0200004578
2024-11-14,14.3100004196
2024-11-15,16.1399993896
2024-11-18,15.5799999237
2024-11-19,16.3500003815
2024-11-20,17.1599998474
2024-11-21,16.8700008392
2024-11-22,15.2399997711
2024-11-25,14.6000003815
2024-11-26,14.1000003815
2024-11-27,14.1000003815
2024-11-29,13.5100002289
2024-12-02,13.3400001526
2024-12-03,13.3000001907
2024-12-04,13.4499998093
2024-12-05,13.5399999619
2024-12-06,12.7700004578
2024-12-09,14.1899995804
2024-12-10,14.1800003052
2024-12-11,13.5799999237
2024-12-12,13.9200000763
2024-12-13,13.8100004196
2024-12-16,14.6899995804
2024-12-17,15.8699998856
2024-12-18,27.6200008392
2024-12-19,24.0900001526
2024-12-20,18.3600006104
2024-12-23,16.7800006866
2024-12-24,14.2700004578
2024-12-26,14.7299995422
2024-12-27,15.9499998093
2024-12-30,17.3999996185
2024-12-31,17.3500003815
2025-01-02,17.9300003052
2025-01-03,16.1299991608
2025-01-06,16.0400009155
2025-01-07,17.8199996948
2025-01-08,17.7000007629
2025-01-10,19.5400009155
2025-01-13,19.1900005341
2025-01-14,18.7099990845
2025-01-15,16.1200008392
2025-01-16,16.6000003815
2025-01-17,15.970000267
2025-01-21,15.0600004196
2025-01-22,15.1000003815
2025-01-23,15.0200004578
2025-01-24,14.8500003815
2025-01-27,17.8999996185
2025-01-28,16.4099998474
2025-01-29,16.5599994659
2025-01-30,15.8400001526
2025-01-31,16.4300003052
2025-02-03,18.6200008392
2025-02-04,17.2099990845
2025-02-05,15.7700004578
2025-02-06,15.5
2025-02-07,16.5400009155
2025-02-10,15.8100004196
2025-02-11,16.0200004578
2025-02-12,15.8900003433
2025-02-13,15.1000003815
2025-02-14,14.7700004578
2025-02-18,15.3500003815
2025-02-19,15.2700004578
2025-02-20,15.6599998474
2025-02-21,18.2099990845
2025-02-24,18.9799995422
2025-02-25,19.4300003052
2025-02-26,19.1000003815
2025-02-27,21.1299991608
2025-02-28,19.6299991608
2025-03-03,22.7800006866
2025-03-04,23.5100002289
2025-03-05,21.9300003052
2025-03-06,24.8700008392
2025-03-07,23.3700008392
2025-03-10,27.8600006104
2025-03-11,26.9200000763
2025-03-12,24.2299995422
2025-03-13,24.6599998474
2025-03-14,21.7700004578
2025-03-17,20.5100002289
2025-03-18,21.7000007629
2025-03-19,19.8999996185
2025-03-20,19.7999992371
2025-03-21,19.2800006866
2025-03-24,17.4799995422
2025-03-25,17.1499996185
2025-03-26,18.3299999237
2025-03-27,18.6900005341
2025-03-28,21.6499996185
2025-03-31,22.2800006866
2025-04-01,21.7700004578
2025-04-02,21.5100002289
2025-04-03,30.0200004578
2025-04-04,45.3100013733
2025-04-07,46.9799995422
2025-04-08,52.3300018311
2025-04-09,33.6199989319
2025-04-10,40.7200012207
2025-04-11,37.5600013733
2025-04-14,30.8899993896
2025-04-15,30.1200008392
2025-04-16,32.6399993896
2025-04-17,29.6499996185
2025-04-21,33.8199996948
2025-04-22,30.5699996948
2025-04-23,28.4500007629
2025-04-24,26.4699993134
2025-04-25,24.8400001526
2025-04-28,25.1499996185
2025-04-29,24.1700000763
2025-04-30,24.7000007629
2025-05-01,24.6000003815
2025-05-02,22.6800003052
2025-05-05,23.6000003815
2025-05-06,24.7600002289
2025-05-07,23.5499992371
2025-05-08,22.4799995422
2025-05-09,21.8999996185
2025-05-12,18.3899993896
2025-05-13,18.2199993134
2025-05-14,18.6200008392
2025-05-15,17.8299999237
2025-05-16,17.2399997711
2025-05-19,18.1399993896
2025-05-20,18.0900001526
2025-05-21,20.7299995422
2025-05-22,20.2399997711
2025-05-23,22.3600006104
2025-05-26,20.5699996948
2025-05-27,19.1000003815
2025-05-28,19.3400001526
2025-05-29,19.0300006866
2025-05-30,18.6900005341
2025-06-02,18.4300003052
2025-06-03,17.7099990845
2025-06-04,17.6000003815
2025-06-05,18.4599990845
2025-06-06,16.8400001526
2025-06-09,17.1599998474
2025-06-10,16.9500007629
2025-06-11,17.2600002289
2025-06-12,18.0200004578
2025-06-13,20.8199996948
