Datetime;SP500;FearGreed
May 17, 2021;4,163.29;35.6
May 18, 2021;4,127.83;34.83
May 19, 2021;4,115.68;31.87
May 20, 2021;4,159.12;33.37
May 21, 2021;4,155.86;29.7
May 24, 2021;4,197.05;29.87
May 25, 2021;4,188.13;26.6
May 26, 2021;4,195.99;28.93
May 27, 2021;4,200.88;29.87
May 28, 2021;4,204.11;31.93
Jun 1, 2021;4,202.04;35
Jun 2, 2021;4,208.12;42.07
Jun 3, 2021;4,192.85;41.6
Jun 4, 2021;4,229.89;42.77
Jun 7, 2021;4,226.52;43.73
Jun 8, 2021;4,227.26;45.9
Jun 9, 2021;4,219.55;46.63
Jun 10, 2021;4,239.18;49.87
Jun 11, 2021;4,247.44;52.5
Jun 14, 2021;4,255.15;54.1
Jun 15, 2021;4,246.59;51.87
Jun 16, 2021;4,223.7;44.7
Jun 17, 2021;4,221.86;42.77
Jun 18, 2021;4,166.45;31.8
Jun 21, 2021;4,224.79;33.43
Jun 22, 2021;4,246.44;32.37
Jun 23, 2021;4,241.84;33.83
Jun 24, 2021;4,266.49;37.23
Jun 25, 2021;4,280.7;41.83
Jun 28, 2021;4,290.61;41.53
Jun 29, 2021;4,291.8;40.03
Jun 30, 2021;4,297.5;37.97
Jul 1, 2021;4,319.94;39.07
Jul 2, 2021;4,352.34;38.6
Jul 6, 2021;4,343.54;33.07
Jul 7, 2021;4,358.13;32.33
Jul 8, 2021;4,320.82;26.87
Jul 9, 2021;4,369.55;31.53
Jul 12, 2021;4,384.63;33.07
Jul 13, 2021;4,369.21;30.33
Jul 14, 2021;4,374.3;29.63
Jul 15, 2021;4,360.03;26.8
Jul 16, 2021;4,327.16;22.63
Jul 19, 2021;4,258.49;13.81
Jul 20, 2021;4,323.06;20.63
Jul 21, 2021;4,358.69;24.47
Jul 22, 2021;4,367.48;25.2
Jul 23, 2021;4,411.79;29.13
Jul 26, 2021;4,422.3;30.7
Jul 27, 2021;4,401.46;27.37
Jul 28, 2021;4,400.64;27.47
Jul 29, 2021;4,419.15;30.43
Jul 30, 2021;4,395.26;26.47
Aug 2, 2021;4,387.16;24.37
Aug 3, 2021;4,423.15;29.8
Aug 4, 2021;4,402.66;27.33
Aug 5, 2021;4,429.1;32.53
Aug 6, 2021;4,436.52;32.53
Aug 9, 2021;4,432.35;32
Aug 10, 2021;4,436.75;34.27
Aug 11, 2021;4,447.7;35.6
Aug 12, 2021;4,460.83;38.97
Aug 13, 2021;4,468;41.43
Aug 16, 2021;4,479.71;46.77
Aug 17, 2021;4,448.08;36.73
Aug 18, 2021;4,400.27;20.59
Aug 19, 2021;4,405.8;19.11
Aug 20, 2021;4,441.67;24.43
Aug 23, 2021;4,479.53;28.17
Aug 24, 2021;4,486.23;33.97
Aug 25, 2021;4,496.19;38.9
Aug 26, 2021;4,470;33.73
Aug 27, 2021;4,509.37;44.77
Aug 30, 2021;4,528.79;47.87
Aug 31, 2021;4,522.68;47.23
Sep 1, 2021;4,524.09;43.13
Sep 2, 2021;4,536.95;44.17
Sep 3, 2021;4,535.43;44.07
Sep 7, 2021;4,520.03;41.7
Sep 8, 2021;4,514.07;38.57
Sep 9, 2021;4,493.28;33.8
Sep 10, 2021;4,458.58;20.6
Sep 13, 2021;4,468.73;28.27
Sep 14, 2021;4,443.05;24.8
Sep 15, 2021;4,480.7;31.2
Sep 16, 2021;4,473.75;31.5
Sep 17, 2021;4,432.99;17.93
Sep 20, 2021;4,357.73;11.1
Sep 21, 2021;4,354.19;11.45
Sep 22, 2021;4,395.64;20.03
Sep 23, 2021;4,448.98;24.5
Sep 24, 2021;4,455.48;23.83
Sep 27, 2021;4,443.11;24.77
Sep 28, 2021;4,352.63;12.47
Sep 29, 2021;4,359.46;12.48
Sep 30, 2021;4,307.54;9.97
Oct 1, 2021;4,357.04;18.33
Oct 4, 2021;4,300.46;9.5
Oct 5, 2021;4,345.72;18.77
Oct 6, 2021;4,363.55;20.07
Oct 7, 2021;4,399.76;24.6
Oct 8, 2021;4,391.34;25.27
Oct 11, 2021;4,361.19;25.9
Oct 12, 2021;4,350.65;22.7
Oct 13, 2021;4,363.8;24.1
Oct 14, 2021;4,438.26;31.83
Oct 15, 2021;4,471.37;43.63
Oct 18, 2021;4,486.46;46.57
Oct 19, 2021;4,519.63;53.4
Oct 20, 2021;4,536.19;56.57
Oct 21, 2021;4,549.78;60.2
Oct 22, 2021;4,544.9;59.5
Oct 25, 2021;4,566.48;62.97
Oct 26, 2021;4,574.79;63.03
Oct 27, 2021;4,551.68;58.33
Oct 28, 2021;4,596.42;64.4
Oct 29, 2021;4,605.38;65.43
Nov 1, 2021;4,613.67;66.13
Nov 2, 2021;4,630.65;68.27
Nov 3, 2021;4,660.57;72.2
Nov 4, 2021;4,680.06;72.43
Nov 5, 2021;4,697.53;73.6
Nov 8, 2021;4,701.7;74.53
Nov 9, 2021;4,685.25;77.17
Nov 10, 2021;4,646.71;73.09
Nov 11, 2021;4,649.27;72.23
Nov 12, 2021;4,682.85;74
Nov 15, 2021;4,682.8;71.63
Nov 16, 2021;4,700.9;72.49
Nov 17, 2021;4,688.67;69.2
Nov 18, 2021;4,704.54;70.14
Nov 19, 2021;4,697.96;62.77
Nov 22, 2021;4,682.94;60
Nov 23, 2021;4,690.7;60.37
Nov 24, 2021;4,701.46;56.94
Nov 26, 2021;4,594.62;31.26
Nov 29, 2021;4,655.27;38.11
Nov 30, 2021;4,567;24.77
Dec 1, 2021;4,513.04;25.36
Dec 2, 2021;4,577.1;22.93
Dec 3, 2021;4,538.43;20.16
Dec 6, 2021;4,591.67;21.26
Dec 7, 2021;4,686.75;37.89
Dec 8, 2021;4,701.21;41.31
Dec 9, 2021;4,667.45;36.86
Dec 10, 2021;4,712.02;42
Dec 13, 2021;4,668.97;35.4
Dec 14, 2021;4,634.09;31.54
Dec 15, 2021;4,709.85;37.8
Dec 16, 2021;4,668.67;33.57
Dec 17, 2021;4,620.64;32.51
Dec 20, 2021;4,568.02;29.43
Dec 21, 2021;4,649.23;34.03
Dec 22, 2021;4,696.56;39.54
Dec 23, 2021;4,725.79;50.49
Dec 27, 2021;4,791.19;56.4
Dec 28, 2021;4,786.35;62.97
Dec 29, 2021;4,793.06;64.03
Dec 30, 2021;4,778.73;63.97
Dec 31, 2021;4,766.18;62.54
Jan 3, 2022;4,796.56;65.23
Jan 4, 2022;4,793.54;64.26
Jan 5, 2022;4,700.58;51.03
Jan 6, 2022;4,696.05;52.14
Jan 7, 2022;4,677.03;49.26
Jan 10, 2022;4,670.29;51.14
Jan 11, 2022;4,713.07;56.11
Jan 12, 2022;4,726.35;55.94
Jan 13, 2022;4,659.03;52.17
Jan 14, 2022;4,662.85;55.8
Jan 18, 2022;4,577.11;53.71
Jan 19, 2022;4,532.76;44.83
Jan 20, 2022;4,482.73;39.14
Jan 21, 2022;4,397.94;26.73
Jan 24, 2022;4,410.13;23.13
Jan 25, 2022;4,356.45;20.89
Jan 26, 2022;4,349.93;19.51
Jan 27, 2022;4,326.51;18.6
Jan 28, 2022;4,431.85;23.86
Jan 31, 2022;4,515.55;29.2
Feb 1, 2022;4,546.54;30.8
Feb 2, 2022;4,589.38;28.8
Feb 3, 2022;4,477.44;26.06
Feb 4, 2022;4,500.53;27.6
Feb 7, 2022;4,483.87;27.91
Feb 8, 2022;4,521.54;28.94
Feb 9, 2022;4,587.18;32.66
Feb 10, 2022;4,504.08;33.6
Feb 11, 2022;4,418.64;28.49
Feb 14, 2022;4,401.67;25.69
Feb 15, 2022;4,471.07;29.97
Feb 16, 2022;4,475.01;32.09
Feb 17, 2022;4,380.26;32.46
Feb 18, 2022;4,348.87;29.51
Feb 22, 2022;4,304.76;28.77
Feb 23, 2022;4,225.5;18.81
Feb 24, 2022;4,288.7;21.23
Feb 25, 2022;4,384.65;28.14
Feb 28, 2022;4,373.94;25.47
Mar 1, 2022;4,306.26;22.97
Mar 2, 2022;4,386.54;17.83
Mar 3, 2022;4,363.49;21.73
Mar 4, 2022;4,328.87;18.17
Mar 7, 2022;4,201.09;16.9
Mar 8, 2022;4,170.7;16.67
Mar 9, 2022;4,277.88;18.03
Mar 10, 2022;4,259.52;17.96
Mar 11, 2022;4,204.31;19.06
Mar 14, 2022;4,173.11;17.5
Mar 15, 2022;4,262.45;21.86
Mar 16, 2022;4,357.86;25.26
Mar 17, 2022;4,411.67;33.63
Mar 18, 2022;4,463.12;38.43
Mar 21, 2022;4,461.18;40.97
Mar 22, 2022;4,511.61;44.54
Mar 23, 2022;4,456.24;45.2
Mar 24, 2022;4,520.16;46.91
Mar 25, 2022;4,543.06;49.37
Mar 28, 2022;4,575.52;51.26
Mar 29, 2022;4,631.6;52.71
Mar 30, 2022;4,602.45;52.8
Mar 31, 2022;4,530.41;59.2
Apr 1, 2022;4,545.86;59.8
Apr 4, 2022;4,582.64;61.66
Apr 5, 2022;4,525.12;47.91
Apr 6, 2022;4,481.15;46.4
Apr 7, 2022;4,500.21;46.83
Apr 8, 2022;4,488.28;46.09
Apr 11, 2022;4,412.53;43.4
Apr 12, 2022;4,397.45;42.06
Apr 13, 2022;4,446.59;41.8
Apr 14, 2022;4,392.59;39.86
Apr 18, 2022;4,391.69;37.6
Apr 19, 2022;4,462.21;39.63
Apr 20, 2022;4,459.45;43.31
Apr 21, 2022;4,393.66;38.94
Apr 22, 2022;4,271.78;31.63
Apr 25, 2022;4,296.12;29.97
Apr 26, 2022;4,175.2;17.9
Apr 27, 2022;4,183.96;16.27
Apr 28, 2022;4,287.5;24.26
Apr 29, 2022;4,131.93;14.33
May 2, 2022;4,155.38;13.27
May 3, 2022;4,175.48;30.49
May 4, 2022;4,300.17;22.4
May 5, 2022;4,146.87;13.13
May 6, 2022;4,123.34;12.24
May 9, 2022;3,991.24;8.19
May 10, 2022;4,001.05;7.4
May 11, 2022;3,935.18;4.03
May 12, 2022;3,930.08;3.2
May 13, 2022;4,023.89;11.29
May 16, 2022;4,008.01;11.74
May 17, 2022;4,088.85;15.2
May 18, 2022;3,923.68;6.6
May 19, 2022;3,900.79;13.71
May 20, 2022;3,901.36;12.66
May 23, 2022;3,973.75;17.89
May 24, 2022;3,941.48;16
May 25, 2022;3,978.73;17.57
May 26, 2022;4,057.84;24.11
May 27, 2022;4,158.24;29.54
May 31, 2022;4,132.15;40.06
Jun 1, 2022;4,101.23;40.6
Jun 2, 2022;4,176.82;44.83
Jun 3, 2022;4,108.54;35.46
Jun 6, 2022;4,121.43;42.8
Jun 7, 2022;4,160.68;45.63
Jun 8, 2022;4,115.77;48.11
Jun 9, 2022;4,017.82;47.06
Jun 10, 2022;3,900.86;40
Jun 13, 2022;3,749.63;25.09
Jun 14, 2022;3,735.48;20.53
Jun 15, 2022;3,789.99;29.26
Jun 16, 2022;3,666.77;17.7
Jun 17, 2022;3,674.84;16.93
Jun 21, 2022;3,764.79;19.73
Jun 22, 2022;3,759.89;26.89
Jun 23, 2022;3,795.73;26.74
Jun 24, 2022;3,911.74;30.86
Jun 27, 2022;3,900.11;30.77
Jun 28, 2022;3,821.55;28.14
Jun 29, 2022;3,818.83;26.54
Jun 30, 2022;3,785.38;24.37
Jul 1, 2022;3,825.33;24.57
Jul 5, 2022;3,831.39;22.17
Jul 6, 2022;3,845.08;22.83
Jul 7, 2022;3,902.62;27.6
Jul 8, 2022;3,899.38;31.34
Jul 11, 2022;3,854.43;30.37
Jul 12, 2022;3,818.8;30.31
Jul 13, 2022;3,801.78;27.29
Jul 14, 2022;3,790.38;26.51
Jul 15, 2022;3,863.16;33.29
Jul 18, 2022;3,830.85;35.89
Jul 19, 2022;3,936.69;39.31
Jul 20, 2022;3,959.9;44.09
Jul 21, 2022;3,998.95;48.2
Jul 22, 2022;3,961.63;42.43
Jul 25, 2022;3,966.84;42.2
Jul 26, 2022;3,921.05;42
Jul 27, 2022;4,023.61;46.63
Jul 28, 2022;4,072.43;48.49
Jul 29, 2022;4,130.29;52.4
Aug 1, 2022;4,118.63;59.09
Aug 2, 2022;4,091.19;57.37
Aug 3, 2022;4,155.17;60.26
Aug 4, 2022;4,151.94;61.51
Aug 5, 2022;4,145.19;63.31
Aug 8, 2022;4,140.06;64.74
Aug 9, 2022;4,122.47;64.46
Aug 10, 2022;4,210.24;65.11
Aug 11, 2022;4,207.27;65.83
Aug 12, 2022;4,280.15;68.03
Aug 15, 2022;4,297.14;66.83
Aug 16, 2022;4,305.2;67.94
Aug 17, 2022;4,274.04;67.14
Aug 18, 2022;4,283.74;66.37
Aug 19, 2022;4,228.48;63.71
Aug 22, 2022;4,137.99;60.31
Aug 23, 2022;4,128.73;57.43
Aug 24, 2022;4,140.77;57.51
Aug 25, 2022;4,199.12;58.26
Aug 26, 2022;4,057.66;55.74
Aug 29, 2022;4,030.61;54.29
Aug 30, 2022;3,986.16;49.8
Aug 31, 2022;3,955;52.09
Sep 1, 2022;3,966.85;49.37
Sep 2, 2022;3,924.26;42.46
Sep 6, 2022;3,908.19;40.63
Sep 7, 2022;3,979.87;39.63
Sep 8, 2022;4,006.18;40.37
Sep 9, 2022;4,067.36;43.8
Sep 12, 2022;4,110.41;47.6
Sep 13, 2022;3,932.69;36.63
Sep 14, 2022;3,946.01;41.89
Sep 15, 2022;3,901.35;40.66
Sep 16, 2022;3,873.33;35.29
Sep 19, 2022;3,899.89;36.31
Sep 20, 2022;3,855.93;36.11
Sep 21, 2022;3,789.93;27.21
Sep 22, 2022;3,757.99;24.49
Sep 23, 2022;3,693.23;21.69
Sep 26, 2022;3,655.04;17.63
Sep 27, 2022;3,647.29;16.51
Sep 28, 2022;3,719.04;17.03
Sep 29, 2022;3,640.47;13.26
Sep 30, 2022;3,585.62;16.46
Oct 3, 2022;3,678.43;20.39
Oct 4, 2022;3,790.93;27.89
Oct 5, 2022;3,783.28;29.71
Oct 6, 2022;3,744.52;23.14
Oct 7, 2022;3,639.66;19.67
Oct 10, 2022;3,612.39;19.4
Oct 11, 2022;3,588.84;16.89
Oct 12, 2022;3,577.03;15.94
Oct 13, 2022;3,669.91;19.37
Oct 14, 2022;3,583.07;16.46
Oct 17, 2022;3,677.95;23.4
Oct 18, 2022;3,719.98;28.8
Oct 19, 2022;3,695.16;29.43
Oct 20, 2022;3,665.78;39.09
Oct 21, 2022;3,752.75;43.74
Oct 24, 2022;3,797.34;47.23
Oct 25, 2022;3,859.11;51.37
Oct 26, 2022;3,830.6;53.8
Oct 27, 2022;3,807.3;54.57
Oct 28, 2022;3,901.06;57.11
Oct 31, 2022;3,871.98;64.06
Nov 1, 2022;3,856.1;63.51
Nov 2, 2022;3,759.69;55.29
Nov 3, 2022;3,719.89;55.51
Nov 4, 2022;3,770.55;56.51
Nov 7, 2022;3,806.8;59.66
Nov 8, 2022;3,828.11;57.94
Nov 9, 2022;3,748.57;54
Nov 10, 2022;3,956.37;60.34
Nov 11, 2022;3,992.93;63.74
Nov 14, 2022;3,957.25;62.69
Nov 15, 2022;3,991.73;66.91
Nov 16, 2022;3,958.79;65.09
Nov 17, 2022;3,946.56;61.49
Nov 18, 2022;3,965.34;60.34
Nov 21, 2022;3,949.94;60.97
Nov 22, 2022;4,003.58;60.8
Nov 23, 2022;4,027.26;64.26
Nov 25, 2022;4,026.12;63.09
Nov 28, 2022;3,963.94;59.74
Nov 29, 2022;3,957.63;58.17
Nov 30, 2022;4,080.11;73.97
Dec 1, 2022;4,076.57;75.6
Dec 2, 2022;4,071.7;68.14
Dec 5, 2022;3,998.84;65.09
Dec 6, 2022;3,941.26;61.83
Dec 7, 2022;3,933.92;58.43
Dec 8, 2022;3,963.51;55.69
Dec 9, 2022;3,934.38;52.09
Dec 12, 2022;3,990.56;57.2
Dec 13, 2022;4,019.65;59.17
Dec 14, 2022;3,995.32;60.94
Dec 15, 2022;3,895.75;60.14
Dec 16, 2022;3,852.36;44.14
Dec 19, 2022;3,817.66;39.97
Dec 20, 2022;3,821.62;38.31
Dec 21, 2022;3,878.44;38.54
Dec 22, 2022;3,822.39;37
Dec 23, 2022;3,844.82;39.51
Dec 27, 2022;3,829.25;39.94
Dec 28, 2022;3,783.22;35.51
Dec 29, 2022;3,849.28;37.14
Dec 30, 2022;3,839.5;36.51
Jan 3, 2023;3,824.14;36.6
Jan 4, 2023;3,852.97;39.86
Jan 5, 2023;3,808.1;44.17
Jan 6, 2023;3,895.08;45.71
Jan 9, 2023;3,892.09;47.2
Jan 10, 2023;3,919.25;49.66
Jan 11, 2023;3,969.61;54.23
Jan 12, 2023;3,983.17;56.69
Jan 13, 2023;3,999.09;61.31
Jan 17, 2023;3,990.97;64.14
Jan 18, 2023;3,928.86;58.43
Jan 19, 2023;3,898.85;55.43
Jan 20, 2023;3,972.61;58.54
Jan 23, 2023;4,019.81;63.6
Jan 24, 2023;4,016.95;63
Jan 25, 2023;4,016.22;63.89
Jan 26, 2023;4,060.43;68.03
Jan 27, 2023;4,070.56;69.2
Jan 30, 2023;4,017.77;67.46
Jan 31, 2023;4,076.6;70.34
Feb 1, 2023;4,119.21;82.17
Feb 2, 2023;4,179.76;75.2
Feb 3, 2023;4,136.48;76.14
Feb 6, 2023;4,111.08;75.91
Feb 7, 2023;4,164;76.34
Feb 8, 2023;4,117.86;74.63
Feb 9, 2023;4,081.5;72.63
Feb 10, 2023;4,090.46;72.49
Feb 13, 2023;4,137.29;71.83
Feb 14, 2023;4,136.13;73.26
Feb 15, 2023;4,147.6;73.66
Feb 16, 2023;4,090.41;70.71
Feb 17, 2023;4,079.09;69.49
Feb 21, 2023;3,997.34;65.91
Feb 22, 2023;3,991.05;64.17
Feb 23, 2023;4,012.32;62.66
Feb 24, 2023;3,970.04;60.66
Feb 27, 2023;3,982.24;61.23
Feb 28, 2023;3,970.15;61.2
Mar 1, 2023;3,951.39;65.91
Mar 2, 2023;3,981.35;52.46
Mar 3, 2023;4,045.64;55.69
Mar 6, 2023;4,048.42;55.26
Mar 7, 2023;3,986.37;48.51
Mar 8, 2023;3,992.01;49.83
Mar 9, 2023;3,918.32;37.54
Mar 10, 2023;3,861.59;26.89
Mar 13, 2023;3,855.76;23.36
Mar 14, 2023;3,919.29;25.09
Mar 15, 2023;3,891.93;22.69
Mar 16, 2023;3,960.28;32.57
Mar 17, 2023;3,916.64;27
Mar 20, 2023;3,951.57;30.43
Mar 21, 2023;4,002.87;43.49
Mar 22, 2023;3,936.97;41.03
Mar 23, 2023;3,948.72;38.34
Mar 24, 2023;3,970.99;37.71
Mar 27, 2023;3,977.53;40.2
Mar 28, 2023;3,971.27;39.6
Mar 29, 2023;4,027.81;41.46
Mar 30, 2023;4,050.83;45.23
Mar 31, 2023;4,109.31;49.49
Apr 3, 2023;4,124.51;61.49
Apr 4, 2023;4,100.6;50.23
Apr 5, 2023;4,090.38;52.63
Apr 6, 2023;4,105.02;55.26
Apr 10, 2023;4,109.11;57.91
Apr 11, 2023;4,108.94;58.49
Apr 12, 2023;4,091.95;60.74
Apr 13, 2023;4,146.22;63.17
Apr 14, 2023;4,137.64;65.71
Apr 17, 2023;4,151.32;67.09
Apr 18, 2023;4,154.87;65.49
Apr 19, 2023;4,154.52;67.26
Apr 20, 2023;4,129.79;64.06
Apr 21, 2023;4,133.52;63.51
Apr 24, 2023;4,137.04;63.49
Apr 25, 2023;4,071.63;57.06
Apr 26, 2023;4,055.99;52.4
Apr 27, 2023;4,135.35;58.31
Apr 28, 2023;4,169.48;59.43
May 1, 2023;4,167.87;59.43
May 2, 2023;4,119.58;55.51
May 3, 2023;4,090.75;54.63
May 4, 2023;4,061.22;49.6
May 5, 2023;4,136.25;53.89
May 8, 2023;4,138.12;57.14
May 9, 2023;4,119.17;59.57
May 10, 2023;4,137.64;59.97
May 11, 2023;4,130.62;59.06
May 12, 2023;4,124.08;57.34
May 15, 2023;4,136.28;57.26
May 16, 2023;4,109.9;55.29
May 17, 2023;4,158.77;60.26
May 18, 2023;4,198.05;64.91
May 19, 2023;4,191.98;65.46
May 22, 2023;4,192.63;67.86
May 23, 2023;4,145.58;65.8
May 24, 2023;4,115.24;61.83
May 25, 2023;4,151.28;62.69
May 26, 2023;4,205.45;65.71
May 30, 2023;4,205.52;66.09
May 31, 2023;4,179.83;64.17
Jun 1, 2023;4,221.02;68.06
Jun 2, 2023;4,282.37;75.43
Jun 5, 2023;4,273.79;69.49
Jun 6, 2023;4,283.85;73.51
Jun 7, 2023;4,267.52;74.46
Jun 8, 2023;4,293.93;75.77
Jun 9, 2023;4,298.86;76.97
Jun 12, 2023;4,338.93;78.06
Jun 13, 2023;4,369.01;79.63
Jun 14, 2023;4,372.59;79.63
Jun 15, 2023;4,425.84;80.89
Jun 16, 2023;4,409.59;81.26
Jun 20, 2023;4,388.71;80.11
Jun 21, 2023;4,365.69;80.11
Jun 22, 2023;4,381.89;80.06
Jun 23, 2023;4,348.33;75.71
Jun 26, 2023;4,328.82;73.46
Jun 27, 2023;4,378.41;75.49
Jun 28, 2023;4,376.86;76.51
Jun 29, 2023;4,396.44;79.2
Jun 30, 2023;4,450.38;79.49
Jul 3, 2023;4,455.59;82.23
Jul 5, 2023;4,446.82;79.26
Jul 6, 2023;4,411.59;77.91
Jul 7, 2023;4,398.95;77.69
Jul 10, 2023;4,409.53;76.69
Jul 11, 2023;4,439.26;78.29
Jul 12, 2023;4,472.16;78.17
Jul 13, 2023;4,510.04;79.4
Jul 14, 2023;4,505.42;79.8
Jul 17, 2023;4,522.79;80.03
Jul 18, 2023;4,554.98;81.69
Jul 19, 2023;4,565.72;82.34
Jul 20, 2023;4,534.87;80.86
Jul 21, 2023;4,536.34;81.03
Jul 24, 2023;4,554.64;82.51
Jul 25, 2023;4,567.46;81.23
Jul 26, 2023;4,566.75;80.6
Jul 27, 2023;4,537.41;77.66
Jul 28, 2023;4,582.23;76.91
Jul 31, 2023;4,588.96;77.63
Aug 1, 2023;4,576.73;77.34
Aug 2, 2023;4,513.39;77.34
Aug 3, 2023;4,501.89;73.63
Aug 4, 2023;4,478.03;64.5
Aug 7, 2023;4,518.44;72.06
Aug 8, 2023;4,499.38;69.2
Aug 9, 2023;4,467.71;67.31
Aug 10, 2023;4,468.83;66.34
Aug 11, 2023;4,464.05;65.03
Aug 14, 2023;4,489.72;66.29
Aug 15, 2023;4,437.86;54.5
Aug 16, 2023;4,404.33;49.49
Aug 17, 2023;4,370.36;46.14
Aug 18, 2023;4,369.71;43.66
Aug 21, 2023;4,399.77;43.49
Aug 22, 2023;4,387.55;43.44
Aug 23, 2023;4,436.01;50.17
Aug 24, 2023;4,376.31;40.59
Aug 25, 2023;4,405.71;47.03
Aug 28, 2023;4,433.31;45.29
Aug 29, 2023;4,497.63;49.17
Aug 30, 2023;4,514.87;50.43
Aug 31, 2023;4,507.66;52.94
Sep 1, 2023;4,515.77;55.03
Sep 5, 2023;4,496.83;59.09
Sep 6, 2023;4,465.48;56.71
Sep 7, 2023;4,451.14;53.63
Sep 8, 2023;4,457.49;51.91
Sep 11, 2023;4,487.46;52.2
Sep 12, 2023;4,461.9;51.4
Sep 13, 2023;4,467.44;51.4
Sep 14, 2023;4,505.1;54.43
Sep 15, 2023;4,450.32;52.03
Sep 18, 2023;4,453.53;49.49
Sep 19, 2023;4,443.95;49.94
Sep 20, 2023;4,402.2;48.29
Sep 21, 2023;4,330;37.16
Sep 22, 2023;4,320.06;33.16
Sep 25, 2023;4,337.44;38.43
Sep 26, 2023;4,273.53;24.23
Sep 27, 2023;4,274.51;22.83
Sep 28, 2023;4,299.7;29
Sep 29, 2023;4,288.05;28.4
Oct 2, 2023;4,288.39;28.31
Oct 3, 2023;4,229.45;20.53
Oct 4, 2023;4,263.75;20.99
Oct 5, 2023;4,258.19;20.33
Oct 6, 2023;4,308.5;27.71
Oct 9, 2023;4,335.66;29.26
Oct 10, 2023;4,358.24;32.31
Oct 11, 2023;4,376.95;34.34
Oct 12, 2023;4,349.61;35.69
Oct 13, 2023;4,327.78;26.27
Oct 16, 2023;4,373.63;35.74
Oct 17, 2023;4,373.2;39.14
Oct 18, 2023;4,314.6;30.57
Oct 19, 2023;4,278;29.54
Oct 20, 2023;4,224.16;22.86
Oct 23, 2023;4,217.04;25.84
Oct 24, 2023;4,247.68;33.49
Oct 25, 2023;4,186.77;25.21
Oct 26, 2023;4,137.23;22.71
Oct 27, 2023;4,117.37;21.61
Oct 30, 2023;4,166.82;29.2
Oct 31, 2023;4,193.8;30.14
Nov 1, 2023;4,237.86;32.17
Nov 2, 2023;4,317.78;37.69
Nov 3, 2023;4,358.34;36.11
Nov 6, 2023;4,365.98;38.91
Nov 7, 2023;4,378.38;39.63
Nov 8, 2023;4,382.78;39.77
Nov 9, 2023;4,347.35;41
Nov 10, 2023;4,415.24;41.46
Nov 13, 2023;4,411.55;39.89
Nov 14, 2023;4,495.7;46.6
Nov 15, 2023;4,502.88;52.54
Nov 16, 2023;4,508.24;55.06
Nov 17, 2023;4,514.02;58.86
Nov 20, 2023;4,547.38;61.29
Nov 21, 2023;4,538.19;61.17
Nov 22, 2023;4,556.62;65.06
Nov 24, 2023;4,559.34;66.86
Nov 27, 2023;4,550.43;65.31
Nov 28, 2023;4,554.89;65.09
Nov 29, 2023;4,550.58;63.29
Nov 30, 2023;4,567.8;64.37
Dec 1, 2023;4,594.63;64.51
Dec 4, 2023;4,569.78;63.71
Dec 5, 2023;4,567.18;65.14
Dec 6, 2023;4,549.34;63.97
Dec 7, 2023;4,585.59;66.14
Dec 8, 2023;4,604.37;65.94
Dec 11, 2023;4,622.44;67.29
Dec 12, 2023;4,643.7;67.89
Dec 13, 2023;4,707.09;67.54
Dec 14, 2023;4,719.55;70.54
Dec 15, 2023;4,719.19;69.46
Dec 18, 2023;4,740.56;70.49
Dec 19, 2023;4,768.37;82.97
Dec 20, 2023;4,698.35;75.57
Dec 21, 2023;4,746.75;77
Dec 22, 2023;4,754.63;79.74
Dec 26, 2023;4,774.75;81.94
Dec 27, 2023;4,781.58;81.17
Dec 28, 2023;4,783.35;81.26
Dec 29, 2023;4,769.83;80.71
Jan 2, 2024;4,742.83;79.71
Jan 3, 2024;4,704.81;76.71
Jan 4, 2024;4,688.68;78.69
Jan 5, 2024;4,697.24;75.77
Jan 8, 2024;4,763.54;76.17
Jan 9, 2024;4,756.5;75.69
Jan 10, 2024;4,783.45;76.37
Jan 11, 2024;4,780.24;74.66
Jan 12, 2024;4,783.83;73.09
Jan 16, 2024;4,765.98;72.29
Jan 17, 2024;4,739.21;57.21
Jan 18, 2024;4,780.94;66.46
Jan 19, 2024;4,839.81;72.83
Jan 22, 2024;4,850.43;72.86
Jan 23, 2024;4,864.6;70.26
Jan 24, 2024;4,868.55;72.49
Jan 25, 2024;4,894.16;73.23
Jan 26, 2024;4,890.97;73.8
Jan 29, 2024;4,927.93;74.11
Jan 30, 2024;4,924.97;74.23
Jan 31, 2024;4,845.65;64.11
Feb 1, 2024;4,906.19;72.34
Feb 2, 2024;4,958.61;74.6
Feb 5, 2024;4,942.81;73.31
Feb 6, 2024;4,954.23;73.2
Feb 7, 2024;4,995.06;73.77
Feb 8, 2024;4,997.91;74.6
Feb 9, 2024;5,026.61;75.43
Feb 12, 2024;5,021.84;75.83
Feb 13, 2024;4,953.17;66.74
Feb 14, 2024;5,000.62;67.51
Feb 15, 2024;5,029.73;73.86
Feb 16, 2024;5,005.57;73.49
Feb 20, 2024;4,975.51;63.74
Feb 21, 2024;4,981.8;63.7
Feb 22, 2024;5,087.03;73.94
Feb 23, 2024;5,088.8;73.34
Feb 26, 2024;5,069.53;71.91
Feb 27, 2024;5,078.18;75.77
Feb 28, 2024;5,069.76;76.77
Feb 29, 2024;5,096.27;77.46
Mar 1, 2024;5,137.08;76.83
Mar 4, 2024;5,130.95;79.23
Mar 5, 2024;5,078.65;76.11
Mar 6, 2024;5,104.76;72.54
Mar 7, 2024;5,157.36;73.86
Mar 8, 2024;5,123.69;70.03
Mar 11, 2024;5,117.94;62.77
Mar 12, 2024;5,175.27;72.2
Mar 13, 2024;5,165.31;71.77
Mar 14, 2024;5,150.48;70.4
Mar 15, 2024;5,117.09;68.63
Mar 18, 2024;5,149.42;70.74
Mar 19, 2024;5,178.51;70.86
Mar 20, 2024;5,224.62;69.63
Mar 21, 2024;5,241.53;71.37
Mar 22, 2024;5,234.18;69.51
Mar 25, 2024;5,218.19;67.43
Mar 26, 2024;5,203.58;67.91
Mar 27, 2024;5,248.49;69.77
Mar 28, 2024;5,254.35;68.77
Apr 1, 2024;5,243.77;71.26
Apr 2, 2024;5,205.81;71.14
Apr 3, 2024;5,211.49;69.4
Apr 4, 2024;5,147.21;53.8
Apr 5, 2024;5,204.34;58.1
Apr 8, 2024;5,202.39;64.03
Apr 9, 2024;5,209.91;59.63
Apr 10, 2024;5,160.64;49.67
Apr 11, 2024;5,199.06;56.66
Apr 12, 2024;5,123.41;45.01
Apr 15, 2024;5,061.82;38.4
Apr 16, 2024;5,051.41;35.11
Apr 17, 2024;5,022.21;31.16
Apr 18, 2024;5,011.12;30.4
Apr 19, 2024;4,967.23;27.67
Apr 22, 2024;5,010.6;34.17
Apr 23, 2024;5,070.55;36.57
Apr 24, 2024;5,071.63;37.49
Apr 25, 2024;5,048.42;39.09
Apr 26, 2024;5,099.96;40.51
Apr 29, 2024;5,116.17;42.43
Apr 30, 2024;5,035.69;40.54
May 1, 2024;5,018.39;40.51
May 2, 2024;5,064.2;42.23
May 3, 2024;5,127.79;43.26
May 6, 2024;5,180.74;39
May 7, 2024;5,187.7;37.17
May 8, 2024;5,187.67;38.17
May 9, 2024;5,214.08;42.23
May 10, 2024;5,222.68;46.03
May 13, 2024;5,221.42;48.11
May 14, 2024;5,246.68;55.29
May 15, 2024;5,308.15;59.37
May 16, 2024;5,297.1;62.31
May 17, 2024;5,303.27;62.8
May 20, 2024;5,308.13;60.43
May 21, 2024;5,321.41;59.43
May 22, 2024;5,307.01;58.51
May 23, 2024;5,267.84;52.37
May 24, 2024;5,304.72;51.74
May 28, 2024;5,306.04;54.69
May 29, 2024;5,266.95;49.97
May 30, 2024;5,235.48;45.09
May 31, 2024;5,277.51;48.43
Jun 3, 2024;5,283.4;45.49
Jun 4, 2024;5,291.34;47.63
Jun 5, 2024;5,354.03;51.14
Jun 6, 2024;5,352.96;45.31
Jun 7, 2024;5,346.99;43.4
Jun 10, 2024;5,360.79;44.74
Jun 11, 2024;5,375.32;44.4
Jun 12, 2024;5,421.03;46.57
Jun 13, 2024;5,433.74;44.57
Jun 14, 2024;5,431.6;41.11
Jun 17, 2024;5,473.23;43.29
Jun 18, 2024;5,487.03;41.29
Jun 20, 2024;5,473.17;38.71
Jun 21, 2024;5,464.62;39.06
Jun 24, 2024;5,447.87;37.77
Jun 25, 2024;5,469.3;37.29
Jun 26, 2024;5,477.9;40.89
Jun 27, 2024;5,482.87;45.51
Jun 28, 2024;5,460.48;44.31
Jul 1, 2024;5,475.09;47.94
Jul 2, 2024;5,509.01;49.74
Jul 3, 2024;5,537.02;48.37
Jul 5, 2024;5,567.19;49.71
Jul 8, 2024;5,572.85;51.06
Jul 9, 2024;5,576.98;50.57
Jul 10, 2024;5,633.91;54.6
Jul 11, 2024;5,584.54;49.4
Jul 12, 2024;5,615.35;54.37
Jul 15, 2024;5,631.22;57.74
Jul 16, 2024;5,667.2;57.03
Jul 17, 2024;5,588.27;46.11
Jul 18, 2024;5,544.59;45.94
Jul 19, 2024;5,505;43
Jul 22, 2024;5,564.41;48.43
Jul 23, 2024;5,555.74;46.86
Jul 24, 2024;5,427.13;38.61
Jul 25, 2024;5,399.22;39.07
Jul 26, 2024;5,459.1;42.54
Jul 29, 2024;5,463.54;42.07
Jul 30, 2024;5,436.44;40.8
Jul 31, 2024;5,522.3;46.89
Aug 1, 2024;5,446.68;32.41
Aug 2, 2024;5,346.56;27.2
Aug 5, 2024;5,186.33;16.57
Aug 6, 2024;5,240.03;23.68
Aug 7, 2024;5,199.5;19.76
Aug 8, 2024;5,319.31;23.95
Aug 9, 2024;5,344.16;23.46
Aug 12, 2024;5,344.39;21.94
Aug 13, 2024;5,434.43;25.09
Aug 14, 2024;5,455.21;27.6
Aug 15, 2024;5,543.22;33.11
Aug 16, 2024;5,554.25;35.43
Aug 19, 2024;5,608.25;46.94
Aug 20, 2024;5,597.12;47.29
Aug 21, 2024;5,620.85;51.74
Aug 22, 2024;5,570.64;48.4
Aug 23, 2024;5,634.61;54.83
Aug 26, 2024;5,616.84;43.63
Aug 27, 2024;5,625.8;55
Aug 28, 2024;5,592.18;56.23
Aug 29, 2024;5,591.96;60.11
Aug 30, 2024;5,648.4;62.97
Sep 3, 2024;5,528.93;54.14
Sep 4, 2024;5,520.07;49.74
Sep 5, 2024;5,503.41;47.57
Sep 6, 2024;5,408.42;39.26
Sep 9, 2024;5,471.05;40.89
Sep 10, 2024;5,495.52;38.46
Sep 11, 2024;5,554.13;39.09
Sep 12, 2024;5,595.76;44.8
Sep 13, 2024;5,626.02;47.49
Sep 16, 2024;5,633.09;54.09
Sep 17, 2024;5,634.58;55.89
Sep 18, 2024;5,618.26;60.83
Sep 19, 2024;5,713.64;65.09
Sep 20, 2024;5,702.55;63.86
Sep 23, 2024;5,718.57;65.06
Sep 24, 2024;5,732.93;66.49
Sep 25, 2024;5,722.26;67.09
Sep 26, 2024;5,745.37;68.83
Sep 27, 2024;5,738.17;72.77
Sep 30, 2024;5,762.48;73.51
Oct 1, 2024;5,708.75;67.83
Oct 2, 2024;5,709.54;69.91
Oct 3, 2024;5,699.94;71.09
Oct 4, 2024;5,751.07;73.6
Oct 7, 2024;5,695.94;69.43
Oct 8, 2024;5,751.13;70.6
Oct 9, 2024;5,792.04;71.43
Oct 10, 2024;5,780.05;69.09
Oct 11, 2024;5,815.03;74.63
Oct 14, 2024;5,859.85;75.09
Oct 15, 2024;5,815.26;66.94
Oct 16, 2024;5,842.47;69.46
Oct 17, 2024;5,841.47;70.77
Oct 18, 2024;5,864.67;74.69
Oct 21, 2024;5,853.98;70.31
Oct 22, 2024;5,851.2;67.91
Oct 23, 2024;5,797.42;62.29
Oct 24, 2024;5,809.86;61.51
Oct 25, 2024;5,808.12;60.8
Oct 28, 2024;5,823.52;60.91
Oct 29, 2024;5,832.92;57.71
Oct 30, 2024;5,813.67;54
Oct 31, 2024;5,705.45;46.53
Nov 1, 2024;5,728.8;44.49
Nov 4, 2024;5,712.69;41.2
Nov 5, 2024;5,782.76;47.94
Nov 6, 2024;5,929.04;58.2
Nov 7, 2024;5,973.1;58.6
Nov 8, 2024;5,995.54;62.66
Nov 11, 2024;6,001.35;68.6
Nov 12, 2024;5,983.99;66.51
Nov 13, 2024;5,985.38;65.83
Nov 14, 2024;5,949.17;58.2
Nov 15, 2024;5,870.62;51.06
Nov 18, 2024;5,893.62;49.89
Nov 19, 2024;5,916.98;49.94
Nov 20, 2024;5,917.11;49.6
Nov 21, 2024;5,948.71;57.74
Nov 22, 2024;5,969.34;60.77
Nov 25, 2024;5,987.37;64.23
Nov 26, 2024;6,021.63;66.06
Nov 27, 2024;5,998.74;63.89
Nov 29, 2024;6,032.38;67.06
Dec 2, 2024;6,047.15;62.4
Dec 3, 2024;6,049.88;56.4
Dec 4, 2024;6,086.49;56.94
Dec 5, 2024;6,075.11;54.46
Dec 6, 2024;6,090.27;52.51
Dec 9, 2024;6,052.85;48.94
Dec 10, 2024;6,034.91;47.54
Dec 11, 2024;6,084.19;51.74
Dec 12, 2024;6,051.25;50.89
Dec 13, 2024;6,051.09;49.89
Dec 16, 2024;6,074.08;54.37
Dec 17, 2024;6,050.61;50.71
Dec 18, 2024;5,872.16;29.69
Dec 19, 2024;5,867.08;21.91
Dec 20, 2024;5,930.85;28.09
Dec 23, 2024;5,974.07;29.57
Dec 24, 2024;6,040.04;34.91
Dec 26, 2024;6,037.59;35.09
Dec 27, 2024;5,970.84;32.83
Dec 30, 2024;5,906.94;27.14
Dec 31, 2024;5,881.63;28.57
Jan 2, 2025;5,868.55;26
Jan 3, 2025;5,942.47;32
Jan 6, 2025;5,975.38;37.77
Jan 7, 2025;5,909.03;35.71
Jan 8, 2025;5,918.28;32.51
Jan 10, 2025;5,827.04;27.03
Jan 13, 2025;5,836.22;26.63
Jan 14, 2025;5,842.91;27.29
Jan 15, 2025;5,949.91;31.06
Jan 16, 2025;5,937.44;34.11
Jan 17, 2025;5,996.66;37.69
Jan 21, 2025;6,049.24;41.14
Jan 22, 2025;6,086.37;43.31
Jan 23, 2025;6,118.71;46.43
